BEGIN;
DELETE FROM public.ingredient_tech_carts;
DELETE FROM public.tech_carts;
DELETE FROM public.ingredients;
DELETE FROM public.category_ingredients;
DELETE FROM public.category_tovars;
DELETE FROM public.tovars;

SELECT setval('public.category_tovars_id_seq',14, true);
INSERT INTO public.category_tovars(id, name,image,deleted) VALUES (1,'Кофе','cofe.png',false);
INSERT INTO public.category_tovars(id, name,image,deleted) VALUES (2,'Лимонады','limonad.png',false);
INSERT INTO public.category_tovars(id, name,image,deleted) VALUES (3,'Молочные коктейли','cocktails.png',false);
INSERT INTO public.category_tovars(id, name,image,deleted) VALUES (4,'Чай','chai.png',false);
INSERT INTO public.category_tovars(id, name,image,deleted) VALUES (5,'Еда','eda.png',false);
INSERT INTO public.category_tovars(id, name,image,deleted) VALUES (6,'Десерты','desert.png',false);
INSERT INTO public.category_tovars(id, name,image,deleted) VALUES (7,'Напитки','napitki.png',false);
INSERT INTO public.category_tovars(id, name,image,deleted) VALUES (8,'Холодный кофе','iceCofe.png',false);
INSERT INTO public.category_tovars(id, name,image,deleted) VALUES (9,'Фирменные напитки','firm.png',false);
INSERT INTO public.category_tovars(id, name,image,deleted) VALUES (10,'Чай. Матча. Ice.','matcha.png',false);
INSERT INTO public.category_tovars(id, name,image,deleted) VALUES (11,'Сезонное Меню','image.png',false);
INSERT INTO public.category_tovars(id, name,image,deleted) VALUES (12,'Эссенции','essence.png',false);
INSERT INTO public.category_tovars(id, name,image,deleted) VALUES (13,'Главный экран','image.png',false);


SELECT setval('public.tovars_id_seq',46, true);
INSERT INTO public.tovars(id,name,category,image,tax,measure,cost,price,profit,margin,deleted) VALUES (1,'Маффин творожный ',6,'maffintv.jpeg','Фискальный налог','шт.',550,850,300,55,false);
INSERT INTO public.tovars(id,name,category,image,tax,measure,cost,price,profit,margin,deleted) VALUES (2,'Албени',6,'albeni.jpg','Фискальный налог','шт.',163.76,250,86.24,53,false);
INSERT INTO public.tovars(id,name,category,image,tax,measure,cost,price,profit,margin,deleted) VALUES (3,'Кит кат',6,'kitkat.jpg','Фискальный налог','шт.',202.95,300,97.05,48,false);
INSERT INTO public.tovars(id,name,category,image,tax,measure,cost,price,profit,margin,deleted) VALUES (4,'Кола',7,'image.png','Фискальный налог','шт.',262,250,-12,-5,false);
INSERT INTO public.tovars(id,name,category,image,tax,measure,cost,price,profit,margin,deleted) VALUES (5,'Круассан с семгой',5,'kruasanSalmon.jpeg','Фискальный налог','шт.',850,1390,540,64,false);
INSERT INTO public.tovars(id,name,category,image,tax,measure,cost,price,profit,margin,deleted) VALUES (6,'Макаронс',6,'makarons.jpg','Фискальный налог','шт.',625.08,790,164.92,26,false);
INSERT INTO public.tovars(id,name,category,image,tax,measure,cost,price,profit,margin,deleted) VALUES (7,'Маффин',6,'maffin.jpg','Фискальный налог','шт.',0,700,700,0,false);
INSERT INTO public.tovars(id,name,category,image,tax,measure,cost,price,profit,margin,deleted) VALUES (8,'Zebra термос',12,'image.png','Фискальный налог','шт.',5500,8500,3000,55,false);
INSERT INTO public.tovars(id,name,category,image,tax,measure,cost,price,profit,margin,deleted) VALUES (9,'Чанки печеньки',6,'image.png','Фискальный налог','шт.',250,390,140,56,false);
INSERT INTO public.tovars(id,name,category,image,tax,measure,cost,price,profit,margin,deleted) VALUES (10,'Сникерс',6,'snickers.jpg','Фискальный налог','шт.',200.35,300,99.65,50,false);
INSERT INTO public.tovars(id,name,category,image,tax,measure,cost,price,profit,margin,deleted) VALUES (11,'Сок детский',7,'image.png','Фискальный налог','шт.',175,250,75,43,false);
INSERT INTO public.tovars(id,name,category,image,tax,measure,cost,price,profit,margin,deleted) VALUES (12,'Спрайт',7,'image.png','Фискальный налог','шт.',305,250,-55,-18,false);
INSERT INTO public.tovars(id,name,category,image,tax,measure,cost,price,profit,margin,deleted) VALUES (13,'Фанта',7,'fanta.jpg','Фискальный налог','шт.',305,300,-5,-2,false);
INSERT INTO public.tovars(id,name,category,image,tax,measure,cost,price,profit,margin,deleted) VALUES (14,'Булочка с маком ',6,'image.png','Фискальный налог','шт.',500,750,250,50,false);
INSERT INTO public.tovars(id,name,category,image,tax,measure,cost,price,profit,margin,deleted) VALUES (15,'Шымбулак вода',7,'image.png','Фискальный налог','шт.',230.07,400,169.93,74,false);
INSERT INTO public.tovars(id,name,category,image,tax,measure,cost,price,profit,margin,deleted) VALUES (16,'Бейгл с индейкой/курицей',5,'image.png','Фискальный налог','шт.',830,1250,420,51,false);
INSERT INTO public.tovars(id,name,category,image,tax,measure,cost,price,profit,margin,deleted) VALUES (17,'Тарталетка ',6,'tartaletka.jpg','Фискальный налог','шт.',500,780,280,56,false);
INSERT INTO public.tovars(id,name,category,image,tax,measure,cost,price,profit,margin,deleted) VALUES (18,'Спрайт Жб',7,'sprite.jpeg','Фискальный налог','шт.',304.99,460,155.01,51,false);
INSERT INTO public.tovars(id,name,category,image,tax,measure,cost,price,profit,margin,deleted) VALUES (19,'Боул с тофу',5,'boulTofu.jpeg','Фискальный налог','шт.',1250,1890,640,51,false);
INSERT INTO public.tovars(id,name,category,image,tax,measure,cost,price,profit,margin,deleted) VALUES (20,'Свой стакан',12,'image.png','Фискальный налог','шт.',0,0.01,0.01,0,false);
INSERT INTO public.tovars(id,name,category,image,tax,measure,cost,price,profit,margin,deleted) VALUES (21,'Рич сок',7,'rich.jpg','Фискальный налог','шт.',365.76,450,84.24,23,false);
INSERT INTO public.tovars(id,name,category,image,tax,measure,cost,price,profit,margin,deleted) VALUES (22,'Сырники с ягодным соусом ',6,'sirniki.jpeg','Фискальный налог','шт.',750,1150,400,53,false);
INSERT INTO public.tovars(id,name,category,image,tax,measure,cost,price,profit,margin,deleted) VALUES (23,'С лососем и яйцом Ролл пшеничный',5,'salmon.jpeg','Фискальный налог','шт.',1250,1890,640,51,false);
INSERT INTO public.tovars(id,name,category,image,tax,measure,cost,price,profit,margin,deleted) VALUES (24,'Пончики',6,'donut.jpg','Фискальный налог','шт.',333.11,590,256.89,77,false);
INSERT INTO public.tovars(id,name,category,image,tax,measure,cost,price,profit,margin,deleted) VALUES (25,'Моти десерт',6,'moti.jpg','Фискальный налог','шт.',700,1100,400,57,false);
INSERT INTO public.tovars(id,name,category,image,tax,measure,cost,price,profit,margin,deleted) VALUES (26,'Миндальный круассан',6,'kruossanMin.jpg','Фискальный налог','шт.',650,980,330,51,false);
INSERT INTO public.tovars(id,name,category,image,tax,measure,cost,price,profit,margin,deleted) VALUES (27,'Круассан с курицей',5,'kruasanChicken.jpeg','Фискальный налог','шт.',650,1090,440,68,false);
INSERT INTO public.tovars(id,name,category,image,tax,measure,cost,price,profit,margin,deleted) VALUES (28,'Кола Жб',7,'colazhb.jpeg','Фискальный налог','шт.',301.69,460,158.31,52,false);
INSERT INTO public.tovars(id,name,category,image,tax,measure,cost,price,profit,margin,deleted) VALUES (29,'С Курицей и яйцом Ролл пшеничный',5,'chicken.jpeg','Фискальный налог','шт.',950,1450,500,53,false);
INSERT INTO public.tovars(id,name,category,image,tax,measure,cost,price,profit,margin,deleted) VALUES (30,'Брауни печенье',6,'image.png','Фискальный налог','шт.',680,1000,320,47,false);
INSERT INTO public.tovars(id,name,category,image,tax,measure,cost,price,profit,margin,deleted) VALUES (31,'Барни, Чоко пай',6,'barniChoko.jpg','Фискальный налог','шт.',87.3,150,62.7,72,false);
INSERT INTO public.tovars(id,name,category,image,tax,measure,cost,price,profit,margin,deleted) VALUES (32,'Муссовый десерт',6,'image.png','Фискальный налог','шт.',1100,1700,600,55,false);
INSERT INTO public.tovars(id,name,category,image,tax,measure,cost,price,profit,margin,deleted) VALUES (33,'Хот Дог',5,'image.png','Фискальный налог','шт.',510.43,850,339.57,67,false);
INSERT INTO public.tovars(id,name,category,image,tax,measure,cost,price,profit,margin,deleted) VALUES (34,'Фанта Жб',7,'image.png','Фискальный налог','шт.',691.44,460,-231.44,-33,false);
INSERT INTO public.tovars(id,name,category,image,tax,measure,cost,price,profit,margin,deleted) VALUES (35,'Сертификат 10.000тг',12,'image.png','0','шт.',10000,10000,0,0,false);
INSERT INTO public.tovars(id,name,category,image,tax,measure,cost,price,profit,margin,deleted) VALUES (36,'Чизкейк творожный диетический',6,'cheesecake.jpeg','Фискальный налог','шт.',650,950,300,46,false);
INSERT INTO public.tovars(id,name,category,image,tax,measure,cost,price,profit,margin,deleted) VALUES (37,'Синнабон',6,'sinabon.jpg','Фискальный налог','шт.',500,700,200,40,false);
INSERT INTO public.tovars(id,name,category,image,tax,measure,cost,price,profit,margin,deleted) VALUES (38,'Слоенный панини с курицей',5,'image.png','Фискальный налог','шт.',863.95,1300,436.05,50,false);
INSERT INTO public.tovars(id,name,category,image,tax,measure,cost,price,profit,margin,deleted) VALUES (39,'Десерт Павлова',6,'image.png','Фискальный налог','шт.',500,750,250,50,false);
INSERT INTO public.tovars(id,name,category,image,tax,measure,cost,price,profit,margin,deleted) VALUES (40,'Наполеон Трайфл',6,'image.png','Фискальный налог','шт.',800,1200,400,50,false);
INSERT INTO public.tovars(id,name,category,image,tax,measure,cost,price,profit,margin,deleted) VALUES (41,'Ягодный Пирог',6,'image.png','Фискальный налог','шт.',799,1100,301,38,false);
INSERT INTO public.tovars(id,name,category,image,tax,measure,cost,price,profit,margin,deleted) VALUES (42,'Ягодный Тарт',6,'image.png','Фискальный налог','шт.',799,1200,401,50,false);
INSERT INTO public.tovars(id,name,category,image,tax,measure,cost,price,profit,margin,deleted) VALUES (43,'Чиабатта с индейкой',5,'image.png','Фискальный налог','шт.',790,1290,500,63,false);
INSERT INTO public.tovars(id,name,category,image,tax,measure,cost,price,profit,margin,deleted) VALUES (44,'Чиабатта с курицей',5,'image.png','Фискальный налог','шт.',751.81,1290,538.19,72,false);
INSERT INTO public.tovars(id,name,category,image,tax,measure,cost,price,profit,margin,deleted) VALUES (45,'Круассан шок/сыр',5,'image.png','Фискальный налог','шт.',400,400,0,0,false);


SELECT setval('public.category_ingredients_id_seq', 110, true);
INSERT INTO public.category_ingredients(id, name, image, deleted) VALUES (103, 'Мелочевка', '', false);
INSERT INTO public.category_ingredients(id, name, image, deleted) VALUES (104, 'Молоко', '', false);
INSERT INTO public.category_ingredients(id, name, image, deleted) VALUES (105, 'Молочные Коктейли', '', false);
INSERT INTO public.category_ingredients(id, name, image, deleted) VALUES (106, 'Сиропы', '', false);
INSERT INTO public.category_ingredients(id, name, image, deleted) VALUES (107, 'Стаканы и крышки', '', false);
INSERT INTO public.category_ingredients(id, name, image, deleted) VALUES (108, 'чай', '', false);
INSERT INTO public.category_ingredients(id, name, image, deleted) VALUES (109, 'Эссенции', '', false);
INSERT INTO public.category_ingredients(id, name, image, deleted) VALUES (110, 'Без категории', '', false);
---------------------------------------
SELECT setval('public.ingredients_id_seq', 182, true);
INSERT INTO public.ingredients(id, name, category, image, measure, cost, deleted) VALUES (103, '19л вода', 110, '', 'шт.', 454.84, false);
INSERT INTO public.ingredients(id, name, category, image, measure, cost, deleted) VALUES (104, 'Айриш', 106, '', 'л', 1709.85, false);
INSERT INTO public.ingredients(id, name, category, image, measure, cost, deleted) VALUES (105, 'Айс Спаниш эссенция', 109, '', 'кг', 15900, false);
INSERT INTO public.ingredients(id, name, category, image, measure, cost, deleted) VALUES (106, 'Амаретто эсс', 109, '', 'шт.', 51.81, false);
INSERT INTO public.ingredients(id, name, category, image, measure, cost, deleted) VALUES (107, 'Ананас в карамели эссенция', 109, '', 'кг', 12537.99, false);
INSERT INTO public.ingredients(id, name, category, image, measure, cost, deleted) VALUES (108, 'Бадьян Корица Гвоздика', 110, '', 'кг', 8379.83, false);
INSERT INTO public.ingredients(id, name, category, image, measure, cost, deleted) VALUES (109, 'Банан мол.коктейль', 105, '', 'кг', 7800, false);
INSERT INTO public.ingredients(id, name, category, image, measure, cost, deleted) VALUES (110, 'Ваниль', 106, '', 'л', 1750.26, false);
INSERT INTO public.ingredients(id, name, category, image, measure, cost, deleted) VALUES (111, 'Варенье Малина', 110, '', 'л', 1706.04, false);
INSERT INTO public.ingredients(id, name, category, image, measure, cost, deleted) VALUES (112, 'Взбитые сливки', 110, '', 'л', 0, false);
INSERT INTO public.ingredients(id, name, category, image, measure, cost, deleted) VALUES (113, 'Газ.вода', 110, '', 'л', 145.11, false);
INSERT INTO public.ingredients(id, name, category, image, measure, cost, deleted) VALUES (114, 'Груша Эссенция', 109, '', 'шт.', 0, false);
INSERT INTO public.ingredients(id, name, category, image, measure, cost, deleted) VALUES (115, 'Дыня эсс', 109, '', 'шт.', 52, false);
INSERT INTO public.ingredients(id, name, category, image, measure, cost, deleted) VALUES (116, 'Зеленая матча', 108, '', 'шт.', 184, false);
INSERT INTO public.ingredients(id, name, category, image, measure, cost, deleted) VALUES (117, 'Зерно', 110, '', 'кг', 8900, false);
INSERT INTO public.ingredients(id, name, category, image, measure, cost, deleted) VALUES (118, 'Имбирный пряник', 106, '', 'л', 1747.1, false);
INSERT INTO public.ingredients(id, name, category, image, measure, cost, deleted) VALUES (119, 'Имбирь лимон', 110, '', 'л', 2044.5, false);
INSERT INTO public.ingredients(id, name, category, image, measure, cost, deleted) VALUES (120, 'Какао', 108, '', 'кг', 4604.33, false);
INSERT INTO public.ingredients(id, name, category, image, measure, cost, deleted) VALUES (121, 'Кактус дыня раф эссенция', 110, '', 'кг', 7121.85, false);
INSERT INTO public.ingredients(id, name, category, image, measure, cost, deleted) VALUES (122, 'Карамель', 106, '', 'л', 1755.15, false);
INSERT INTO public.ingredients(id, name, category, image, measure, cost, deleted) VALUES (123, 'Клубника Банан Эссенция', 109, '', 'шт.', 109, false);
INSERT INTO public.ingredients(id, name, category, image, measure, cost, deleted) VALUES (124, 'Клубника мол.коктейль', 105, '', 'кг', 7800, false);
INSERT INTO public.ingredients(id, name, category, image, measure, cost, deleted) VALUES (125, 'Кокос эсс', 109, '', 'шт.', 52, false);
INSERT INTO public.ingredients(id, name, category, image, measure, cost, deleted) VALUES (126, 'Кокосовое молоко', 104, '', 'л', 1219.5, false);
INSERT INTO public.ingredients(id, name, category, image, measure, cost, deleted) VALUES (127, 'Крышки 80', 107, '', 'шт.', 14.5, false);
INSERT INTO public.ingredients(id, name, category, image, measure, cost, deleted) VALUES (128, 'Крышки 90', 107, '', 'шт.', 15, false);
INSERT INTO public.ingredients(id, name, category, image, measure, cost, deleted) VALUES (129, 'Крышки летние', 107, '', 'шт.', 11.88, false);
INSERT INTO public.ingredients(id, name, category, image, measure, cost, deleted) VALUES (130, 'Кукис шоколадный', 106, '', 'л', 1700, false);
INSERT INTO public.ingredients(id, name, category, image, measure, cost, deleted) VALUES (131, 'Лаванда Эссенция', 109, '', 'шт.', 65, false);
INSERT INTO public.ingredients(id, name, category, image, measure, cost, deleted) VALUES (132, 'Лед', 110, '', 'кг', 254.64, false);
INSERT INTO public.ingredients(id, name, category, image, measure, cost, deleted) VALUES (133, 'Лесной Орех эсс', 109, '', 'шт.', 52, false);
INSERT INTO public.ingredients(id, name, category, image, measure, cost, deleted) VALUES (134, 'Лимонный концентрат', 106, '', 'л', 1400, false);
INSERT INTO public.ingredients(id, name, category, image, measure, cost, deleted) VALUES (135, 'Малина эсс', 109, '', 'шт.', 52, false);
INSERT INTO public.ingredients(id, name, category, image, measure, cost, deleted) VALUES (136, 'Манго эсс', 109, '', 'шт.', 52, false);
INSERT INTO public.ingredients(id, name, category, image, measure, cost, deleted) VALUES (137, 'Мандариновое печенье эссенция', 109, '', 'шт.', 82, false);
INSERT INTO public.ingredients(id, name, category, image, measure, cost, deleted) VALUES (138, 'Матча голубая', 108, '', 'шт.', 191.6, false);
INSERT INTO public.ingredients(id, name, category, image, measure, cost, deleted) VALUES (139, 'Милкшейк Радужный Единорог', 110, '', 'кг', 16752.33, false);
INSERT INTO public.ingredients(id, name, category, image, measure, cost, deleted) VALUES (140, 'Миндальное молоко', 104, '', 'л', 1218.86, false);
INSERT INTO public.ingredients(id, name, category, image, measure, cost, deleted) VALUES (141, 'Молоко 2.5%', 104, '', 'л', 383.33, false);
INSERT INTO public.ingredients(id, name, category, image, measure, cost, deleted) VALUES (142, 'Мята эсс', 109, '', 'шт.', 51.8, false);
INSERT INTO public.ingredients(id, name, category, image, measure, cost, deleted) VALUES (143, 'Облепиха жидка', 110, '', 'л', 2044.51, false);
INSERT INTO public.ingredients(id, name, category, image, measure, cost, deleted) VALUES (144, 'Овсяное молоко', 104, '', 'л', 878.83, false);
INSERT INTO public.ingredients(id, name, category, image, measure, cost, deleted) VALUES (145, 'Одари сливки', 104, '', 'л', 448.72, false);
INSERT INTO public.ingredients(id, name, category, image, measure, cost, deleted) VALUES (146, 'Персик мол.коктейль', 105, '', 'кг', 7772, false);
INSERT INTO public.ingredients(id, name, category, image, measure, cost, deleted) VALUES (147, 'Персик эсс', 109, '', 'шт.', 52, false);
INSERT INTO public.ingredients(id, name, category, image, measure, cost, deleted) VALUES (148, 'Поп корн', 106, '', 'л', 1800, false);
INSERT INTO public.ingredients(id, name, category, image, measure, cost, deleted) VALUES (149, 'Пряности Эссенция', 109, '', 'шт.', 65, false);
INSERT INTO public.ingredients(id, name, category, image, measure, cost, deleted) VALUES (150, 'Размешиватели', 103, '', 'шт.', 4.99, false);
INSERT INTO public.ingredients(id, name, category, image, measure, cost, deleted) VALUES (151, 'Раф эссенция', 109, '', 'кг', 9571.05, false);
INSERT INTO public.ingredients(id, name, category, image, measure, cost, deleted) VALUES (152, 'Салфетки', 103, '', 'шт.', 7.45, false);
INSERT INTO public.ingredients(id, name, category, image, measure, cost, deleted) VALUES (153, 'Сахар', 103, '', 'шт.', 6.55, false);
INSERT INTO public.ingredients(id, name, category, image, measure, cost, deleted) VALUES (154, 'Сироп Арбуз', 106, '', 'л', 1744.21, false);
INSERT INTO public.ingredients(id, name, category, image, measure, cost, deleted) VALUES (155, 'Сироп Гранат', 106, '', 'л', 1724.49, false);
INSERT INTO public.ingredients(id, name, category, image, measure, cost, deleted) VALUES (156, 'Сироп клубника', 106, '', 'л', 1750, false);
INSERT INTO public.ingredients(id, name, category, image, measure, cost, deleted) VALUES (157, 'Сироп Личи', 106, '', 'л', 1748.6, false);
INSERT INTO public.ingredients(id, name, category, image, measure, cost, deleted) VALUES (158, 'Сироп Манго-Маракуйя', 106, '', 'л', 1743.2, false);
INSERT INTO public.ingredients(id, name, category, image, measure, cost, deleted) VALUES (159, 'Сироп Роза', 106, '', 'л', 1700.69, false);
INSERT INTO public.ingredients(id, name, category, image, measure, cost, deleted) VALUES (160, 'Сироп Сахарный', 106, '', 'л', 1527.08, false);
INSERT INTO public.ingredients(id, name, category, image, measure, cost, deleted) VALUES (161, 'Смородина эсс', 109, '', 'шт.', 52, false);
INSERT INTO public.ingredients(id, name, category, image, measure, cost, deleted) VALUES (162, 'Соевое молоко', 104, '', 'л', 1192.94, false);
INSERT INTO public.ingredients(id, name, category, image, measure, cost, deleted) VALUES (163, 'Сок вишневый', 110, '', 'л', 628.01, false);
INSERT INTO public.ingredients(id, name, category, image, measure, cost, deleted) VALUES (164, 'Соленая карамель', 106, '', 'л', 1772.39, false);
INSERT INTO public.ingredients(id, name, category, image, measure, cost, deleted) VALUES (165, 'Стаканы для эспрессо', 107, '', 'шт.', 11.04, false);
INSERT INTO public.ingredients(id, name, category, image, measure, cost, deleted) VALUES (166, 'Стаканы летние 400мл.', 107, '', 'шт.', 50, false);
INSERT INTO public.ingredients(id, name, category, image, measure, cost, deleted) VALUES (167, 'Стаканы фирменные 250 мл.', 107, '', 'шт.', 50, false);
INSERT INTO public.ingredients(id, name, category, image, measure, cost, deleted) VALUES (168, 'Стаканы фирменные 360 мл.', 107, '', 'шт.', 55, false);
INSERT INTO public.ingredients(id, name, category, image, measure, cost, deleted) VALUES (169, 'Стаканы фирменные 480 мл.', 107, '', 'шт.', 60, false);
INSERT INTO public.ingredients(id, name, category, image, measure, cost, deleted) VALUES (170, 'Топинг шоколадный', 106, '', 'л', 1238.04, false);
INSERT INTO public.ingredients(id, name, category, image, measure, cost, deleted) VALUES (171, 'Тофифи', 106, '', 'л', 1734.56, false);
INSERT INTO public.ingredients(id, name, category, image, measure, cost, deleted) VALUES (172, 'Трубочки', 103, '', 'шт.', 2.34, false);
INSERT INTO public.ingredients(id, name, category, image, measure, cost, deleted) VALUES (173, 'Фисташка эсс', 109, '', 'шт.', 52, false);
INSERT INTO public.ingredients(id, name, category, image, measure, cost, deleted) VALUES (174, 'Фрукты(апельсин,лимон)', 110, '', 'кг', 519.78, false);
INSERT INTO public.ingredients(id, name, category, image, measure, cost, deleted) VALUES (175, 'Фундучное молоко', 104, '', 'л', 1192.31, false);
INSERT INTO public.ingredients(id, name, category, image, measure, cost, deleted) VALUES (176, 'Хоз товары', 110, '', 'шт.', 27.89, false);
INSERT INTO public.ingredients(id, name, category, image, measure, cost, deleted) VALUES (177, 'Чай', 108, '', 'шт.', 11.19, false);
INSERT INTO public.ingredients(id, name, category, image, measure, cost, deleted) VALUES (178, 'Черника Эссенция', 109, '', 'шт.', 65, false);
INSERT INTO public.ingredients(id, name, category, image, measure, cost, deleted) VALUES (179, 'Шиповник', 110, '', 'кг', 1820, false);
INSERT INTO public.ingredients(id, name, category, image, measure, cost, deleted) VALUES (180, 'Шоколад', 106, '', 'л', 1572.69, false);
INSERT INTO public.ingredients(id, name, category, image, measure, cost, deleted) VALUES (181, 'Шоколад Казахстан', 110, '', 'кг', 476, false);
INSERT INTO public.ingredients(id, name, category, image, measure, cost, deleted) VALUES (182, 'Яблочный пирог', 106, '', 'л', 1789, false);
---------------------------------------
SELECT setval('public.tech_carts_id_seq', 378, true);
INSERT INTO public.tech_carts(id, name, category, image, tax, measure, cost, price, profit, margin, deleted) VALUES (103, 'Латте 250', 1, '', 'Фискальный налог', 'шт.', 246.4, 790, 543.6, 221, false);
INSERT INTO public.tech_carts(id, name, category, image, tax, measure, cost, price, profit, margin, deleted) VALUES (109, 'Латте 360', 1, '', 'Фискальный налог', 'шт.', 286.4, 890, 603.6, 211, false);
INSERT INTO public.tech_carts(id, name, category, image, tax, measure, cost, price, profit, margin, deleted) VALUES (115, 'Латте 480', 1, '', 'Фискальный налог', 'шт.', 385.6, 990, 604.4, 157, false);
INSERT INTO public.tech_carts(id, name, category, image, tax, measure, cost, price, profit, margin, deleted) VALUES (121, 'Капучино 250', 1, '', 'Фискальный налог', 'шт.', 246.4, 790, 543.6, 221, false);
INSERT INTO public.tech_carts(id, name, category, image, tax, measure, cost, price, profit, margin, deleted) VALUES (127, 'Капучино 360', 1, '', 'Фискальный налог', 'шт.', 349.93, 890, 540.0699999999999, 154, false);
INSERT INTO public.tech_carts(id, name, category, image, tax, measure, cost, price, profit, margin, deleted) VALUES (133, 'Капучино 480', 1, '', 'Фискальный налог', 'шт.', 374.1, 990, 615.9, 165, false);
INSERT INTO public.tech_carts(id, name, category, image, tax, measure, cost, price, profit, margin, deleted) VALUES (139, 'Американо 360', 1, '', 'Фискальный налог', 'шт.', 257.19, 800, 542.81, 211, false);
INSERT INTO public.tech_carts(id, name, category, image, tax, measure, cost, price, profit, margin, deleted) VALUES (144, 'Американо 250', 1, '', 'Фискальный налог', 'шт.', 176.29, 700, 523.71, 297, false);
INSERT INTO public.tech_carts(id, name, category, image, tax, measure, cost, price, profit, margin, deleted) VALUES (148, 'Американо 480', 1, '', 'Фискальный налог', 'шт.', 368.98, 900, 531.02, 144, false);
INSERT INTO public.tech_carts(id, name, category, image, tax, measure, cost, price, profit, margin, deleted) VALUES (154, 'Раф 250', 1, '', 'Фискальный налог', 'шт.', 241.11, 790, 548.89, 228, false);
INSERT INTO public.tech_carts(id, name, category, image, tax, measure, cost, price, profit, margin, deleted) VALUES (160, 'Раф 360', 1, '', 'Фискальный налог', 'шт.', 378.9, 890, 511.1, 135, false);
INSERT INTO public.tech_carts(id, name, category, image, tax, measure, cost, price, profit, margin, deleted) VALUES (166, 'Раф 480', 1, '', 'Фискальный налог', 'шт.', 473.05, 990, 516.95, 109, false);
INSERT INTO public.tech_carts(id, name, category, image, tax, measure, cost, price, profit, margin, deleted) VALUES (172, 'Моккачино 250', 1, '', 'Фискальный налог', 'шт.', 251.55, 790, 538.45, 214, false);
INSERT INTO public.tech_carts(id, name, category, image, tax, measure, cost, price, profit, margin, deleted) VALUES (179, 'Моккачино 360', 1, '', 'Фискальный налог', 'шт.', 315.87, 890, 574.13, 182, false);
INSERT INTO public.tech_carts(id, name, category, image, tax, measure, cost, price, profit, margin, deleted) VALUES (186, 'Моккачино 480', 1, '', 'Фискальный налог', 'шт.', 423.62, 990, 566.38, 134, false);
INSERT INTO public.tech_carts(id, name, category, image, tax, measure, cost, price, profit, margin, deleted) VALUES (193, 'Флэт уайт', 1, '', 'Фискальный налог', 'шт.', 299.92, 800, 500.08, 167, false);
INSERT INTO public.tech_carts(id, name, category, image, tax, measure, cost, price, profit, margin, deleted) VALUES (198, 'Эспрессо 30', 1, '', 'Фискальный налог', 'шт.', 117.84, 550, 432.15999999999997, 367, false);
INSERT INTO public.tech_carts(id, name, category, image, tax, measure, cost, price, profit, margin, deleted) VALUES (200, 'Эспрессо 60', 1, '', 'Фискальный налог', 'шт.', 189.04, 650, 460.96000000000004, 244, false);
INSERT INTO public.tech_carts(id, name, category, image, tax, measure, cost, price, profit, margin, deleted) VALUES (202, 'Банановый молочный коктейль', 3, '', 'Фискальный налог', 'шт.', 335.22, 800, 464.78, 139, false);
INSERT INTO public.tech_carts(id, name, category, image, tax, measure, cost, price, profit, margin, deleted) VALUES (207, 'Клубничный молочный коктейль', 3, '', 'Фискальный налог', 'шт.', 319.89, 800, 480.11, 150, false);
INSERT INTO public.tech_carts(id, name, category, image, tax, measure, cost, price, profit, margin, deleted) VALUES (212, 'Персиковый молочный коктейль', 3, '', 'Фискальный налог', 'шт.', 319.33, 800, 480.67, 151, false);
INSERT INTO public.tech_carts(id, name, category, image, tax, measure, cost, price, profit, margin, deleted) VALUES (217, 'Арбузно-клубничный лимонад', 2, '', 'Фискальный налог', 'шт.', 234.89, 750, 515.11, 219, false);
INSERT INTO public.tech_carts(id, name, category, image, tax, measure, cost, price, profit, margin, deleted) VALUES (225, 'Гранат и Роза лимонад', 2, '', 'Фискальный налог', 'шт.', 228.45, 750, 521.55, 228, false);
INSERT INTO public.tech_carts(id, name, category, image, tax, measure, cost, price, profit, margin, deleted) VALUES (233, 'Тропический лимонад', 2, '', 'Фискальный налог', 'шт.', 230.46, 750, 519.54, 225, false);
INSERT INTO public.tech_carts(id, name, category, image, tax, measure, cost, price, profit, margin, deleted) VALUES (241, 'Ice latte', 8, '', 'Фискальный налог', 'шт.', 322.93, 950, 627.0699999999999, 194, false);
INSERT INTO public.tech_carts(id, name, category, image, tax, measure, cost, price, profit, margin, deleted) VALUES (247, 'Ice Matcha Голубая', 10, '', 'Фискальный налог', 'шт.', 480.09, 850, 369.91, 77, false);
INSERT INTO public.tech_carts(id, name, category, image, tax, measure, cost, price, profit, margin, deleted) VALUES (252, 'Ice Matcha Зеленая', 10, '', 'Фискальный налог', 'шт.', 344.05, 850, 505.95, 147, false);
INSERT INTO public.tech_carts(id, name, category, image, tax, measure, cost, price, profit, margin, deleted) VALUES (257, 'Голубая латте матча', 10, '', 'Фискальный налог', 'шт.', 376.26, 850, 473.74, 126, false);
INSERT INTO public.tech_carts(id, name, category, image, tax, measure, cost, price, profit, margin, deleted) VALUES (263, 'Зеленая латте матча', 10, '', 'Фискальный налог', 'шт.', 368.66, 850, 481.34, 131, false);
INSERT INTO public.tech_carts(id, name, category, image, tax, measure, cost, price, profit, margin, deleted) VALUES (269, 'Клубничный Латте', 9, '', 'Фискальный налог', 'шт.', 508.23, 950, 441.77, 87, false);
INSERT INTO public.tech_carts(id, name, category, image, tax, measure, cost, price, profit, margin, deleted) VALUES (276, 'Черничный Латте', 9, '', 'Фискальный налог', 'шт.', 420.23, 950, 529.77, 126, false);
INSERT INTO public.tech_carts(id, name, category, image, tax, measure, cost, price, profit, margin, deleted) VALUES (283, 'Лавандовый РАФ', 9, '', 'Фискальный налог', 'шт.', 426.38, 950, 523.62, 123, false);
INSERT INTO public.tech_carts(id, name, category, image, tax, measure, cost, price, profit, margin, deleted) VALUES (290, 'Мандариновый РАФ', 9, '', 'Фискальный налог', 'шт.', 478.33, 950, 471.67, 99, false);
INSERT INTO public.tech_carts(id, name, category, image, tax, measure, cost, price, profit, margin, deleted) VALUES (297, 'Глинтвейн фруктовый', 4, '', 'Фискальный налог', 'шт.', 265.59, 750, 484.41, 182, false);
INSERT INTO public.tech_carts(id, name, category, image, tax, measure, cost, price, profit, margin, deleted) VALUES (302, 'Горячий шоколад', 4, '', 'Фискальный налог', 'шт.', 327.67, 750, 422.33, 129, false);
INSERT INTO public.tech_carts(id, name, category, image, tax, measure, cost, price, profit, margin, deleted) VALUES (306, 'Какао', 4, '', 'Фискальный налог', 'шт.', 283.28, 750, 466.72, 165, false);
INSERT INTO public.tech_carts(id, name, category, image, tax, measure, cost, price, profit, margin, deleted) VALUES (311, 'Пряный чай', 4, '', 'Фискальный налог', 'шт.', 152.74, 750, 597.26, 391, false);
INSERT INTO public.tech_carts(id, name, category, image, tax, measure, cost, price, profit, margin, deleted) VALUES (317, 'Малина-шиповник чай', 4, '', 'Фискальный налог', 'шт.', 189.68, 750, 560.3199999999999, 295, false);
INSERT INTO public.tech_carts(id, name, category, image, tax, measure, cost, price, profit, margin, deleted) VALUES (323, 'Доп Шот', 13, '', 'Фискальный налог', 'шт.', 89, 0.01, -88.99, -100, false);
INSERT INTO public.tech_carts(id, name, category, image, tax, measure, cost, price, profit, margin, deleted) VALUES (324, 'Чай', 4, '', 'Фискальный налог', 'шт.', 81.19, 300, 218.81, 270, false);
INSERT INTO public.tech_carts(id, name, category, image, tax, measure, cost, price, profit, margin, deleted) VALUES (327, 'ICE CHERRY', 11, '', 'Фискальный налог', 'шт.', 443.18, 990, 546.8199999999999, 123, false);
INSERT INTO public.tech_carts(id, name, category, image, tax, measure, cost, price, profit, margin, deleted) VALUES (332, 'ICE RAF', 11, '', 'Фискальный налог', 'шт.', 701.7, 990, 288.29999999999995, 41, false);
INSERT INTO public.tech_carts(id, name, category, image, tax, measure, cost, price, profit, margin, deleted) VALUES (339, 'Ананасовый Латте', 9, '', 'Фискальный налог', 'шт.', 593.02, 950, 356.98, 60, false);
INSERT INTO public.tech_carts(id, name, category, image, tax, measure, cost, price, profit, margin, deleted) VALUES (346, 'Радужный Единорог Молочный Коктейль', 11, '', 'Фискальный налог', 'шт.', 507.83, 990, 482.17, 95, false);
INSERT INTO public.tech_carts(id, name, category, image, tax, measure, cost, price, profit, margin, deleted) VALUES (352, 'Раф Дыня-Кактус', 11, '', 'Фискальный налог', 'шт.', 468.47, 950, 481.53, 103, false);
INSERT INTO public.tech_carts(id, name, category, image, tax, measure, cost, price, profit, margin, deleted) VALUES (357, 'Чай Vita Tea', 11, '', 'Фискальный налог', 'шт.', 235.24, 850, 614.76, 261, false);
INSERT INTO public.tech_carts(id, name, category, image, tax, measure, cost, price, profit, margin, deleted) VALUES (363, 'Облепиховый Чай', 11, '', 'Фискальный налог', 'шт.', 235.44, 850, 614.56, 261, false);
INSERT INTO public.tech_carts(id, name, category, image, tax, measure, cost, price, profit, margin, deleted) VALUES (369, 'Kakaonut', 11, '', 'Фискальный налог', 'шт.', 356.94, 850, 493.06, 138, false);
INSERT INTO public.tech_carts(id, name, category, image, tax, measure, cost, price, profit, margin, deleted) VALUES (375, 'Растительное молоко', 13, '', 'Фискальный налог', 'шт.', 0, 0, 0, 0, false);
INSERT INTO public.tech_carts(id, name, category, image, tax, measure, cost, price, profit, margin, deleted) VALUES (376, 'Эссенция без сахара 250 мл', 12, '', 'Фискальный налог', 'шт.', 0, 0, 0, 0, false);
INSERT INTO public.tech_carts(id, name, category, image, tax, measure, cost, price, profit, margin, deleted) VALUES (377, 'Эссенция без сахара 360 мл', 12, '', 'Фискальный налог', 'шт.', 0, 0, 0, 0, false);
INSERT INTO public.tech_carts(id, name, category, image, tax, measure, cost, price, profit, margin, deleted) VALUES (378, 'Эссенция без сахара 480 мл', 12, '', 'Фискальный налог', 'шт.', 0, 0, 0, 0, false);


INSERT INTO public.ingredient_tech_carts(tech_cart_id, ingredient_id, brutto) VALUES (103, 150, 1);
INSERT INTO public.ingredient_tech_carts(tech_cart_id, ingredient_id, brutto) VALUES (103, 167, 1);
INSERT INTO public.ingredient_tech_carts(tech_cart_id, ingredient_id, brutto) VALUES (103, 127, 1);
INSERT INTO public.ingredient_tech_carts(tech_cart_id, ingredient_id, brutto) VALUES (103, 141, 0.2);
INSERT INTO public.ingredient_tech_carts(tech_cart_id, ingredient_id, brutto) VALUES (103, 172, 1);
INSERT INTO public.ingredient_tech_carts(tech_cart_id, ingredient_id, brutto) VALUES (103, 117, 0.011);
INSERT INTO public.ingredient_tech_carts(tech_cart_id, ingredient_id, brutto) VALUES (109, 168, 1);
INSERT INTO public.ingredient_tech_carts(tech_cart_id, ingredient_id, brutto) VALUES (109, 128, 1);
INSERT INTO public.ingredient_tech_carts(tech_cart_id, ingredient_id, brutto) VALUES (109, 172, 1);
INSERT INTO public.ingredient_tech_carts(tech_cart_id, ingredient_id, brutto) VALUES (109, 150, 1);
INSERT INTO public.ingredient_tech_carts(tech_cart_id, ingredient_id, brutto) VALUES (109, 117, 0.011);
INSERT INTO public.ingredient_tech_carts(tech_cart_id, ingredient_id, brutto) VALUES (109, 141, 0.29);
INSERT INTO public.ingredient_tech_carts(tech_cart_id, ingredient_id, brutto) VALUES (115, 150, 1);
INSERT INTO public.ingredient_tech_carts(tech_cart_id, ingredient_id, brutto) VALUES (115, 172, 1);
INSERT INTO public.ingredient_tech_carts(tech_cart_id, ingredient_id, brutto) VALUES (115, 128, 1);
INSERT INTO public.ingredient_tech_carts(tech_cart_id, ingredient_id, brutto) VALUES (115, 141, 0.35);
INSERT INTO public.ingredient_tech_carts(tech_cart_id, ingredient_id, brutto) VALUES (115, 117, 0.019);
INSERT INTO public.ingredient_tech_carts(tech_cart_id, ingredient_id, brutto) VALUES (115, 169, 1);
INSERT INTO public.ingredient_tech_carts(tech_cart_id, ingredient_id, brutto) VALUES (121, 167, 1);
INSERT INTO public.ingredient_tech_carts(tech_cart_id, ingredient_id, brutto) VALUES (121, 127, 1);
INSERT INTO public.ingredient_tech_carts(tech_cart_id, ingredient_id, brutto) VALUES (121, 150, 1);
INSERT INTO public.ingredient_tech_carts(tech_cart_id, ingredient_id, brutto) VALUES (121, 172, 1);
INSERT INTO public.ingredient_tech_carts(tech_cart_id, ingredient_id, brutto) VALUES (121, 141, 0.2);
INSERT INTO public.ingredient_tech_carts(tech_cart_id, ingredient_id, brutto) VALUES (121, 117, 0.011);
INSERT INTO public.ingredient_tech_carts(tech_cart_id, ingredient_id, brutto) VALUES (127, 168, 1);
INSERT INTO public.ingredient_tech_carts(tech_cart_id, ingredient_id, brutto) VALUES (127, 128, 1);
INSERT INTO public.ingredient_tech_carts(tech_cart_id, ingredient_id, brutto) VALUES (127, 150, 1);
INSERT INTO public.ingredient_tech_carts(tech_cart_id, ingredient_id, brutto) VALUES (127, 172, 1);
INSERT INTO public.ingredient_tech_carts(tech_cart_id, ingredient_id, brutto) VALUES (127, 117, 0.019);
INSERT INTO public.ingredient_tech_carts(tech_cart_id, ingredient_id, brutto) VALUES (127, 141, 0.27);
INSERT INTO public.ingredient_tech_carts(tech_cart_id, ingredient_id, brutto) VALUES (133, 169, 1);
INSERT INTO public.ingredient_tech_carts(tech_cart_id, ingredient_id, brutto) VALUES (133, 128, 1);
INSERT INTO public.ingredient_tech_carts(tech_cart_id, ingredient_id, brutto) VALUES (133, 150, 1);
INSERT INTO public.ingredient_tech_carts(tech_cart_id, ingredient_id, brutto) VALUES (133, 172, 1);
INSERT INTO public.ingredient_tech_carts(tech_cart_id, ingredient_id, brutto) VALUES (133, 141, 0.32);
INSERT INTO public.ingredient_tech_carts(tech_cart_id, ingredient_id, brutto) VALUES (133, 117, 0.019);
INSERT INTO public.ingredient_tech_carts(tech_cart_id, ingredient_id, brutto) VALUES (139, 168, 1);
INSERT INTO public.ingredient_tech_carts(tech_cart_id, ingredient_id, brutto) VALUES (139, 128, 1);
INSERT INTO public.ingredient_tech_carts(tech_cart_id, ingredient_id, brutto) VALUES (139, 150, 1);
INSERT INTO public.ingredient_tech_carts(tech_cart_id, ingredient_id, brutto) VALUES (139, 153, 2);
INSERT INTO public.ingredient_tech_carts(tech_cart_id, ingredient_id, brutto) VALUES (139, 117, 0.019);
INSERT INTO public.ingredient_tech_carts(tech_cart_id, ingredient_id, brutto) VALUES (144, 127, 1);
INSERT INTO public.ingredient_tech_carts(tech_cart_id, ingredient_id, brutto) VALUES (144, 167, 1);
INSERT INTO public.ingredient_tech_carts(tech_cart_id, ingredient_id, brutto) VALUES (144, 117, 0.012);
INSERT INTO public.ingredient_tech_carts(tech_cart_id, ingredient_id, brutto) VALUES (144, 150, 1);
INSERT INTO public.ingredient_tech_carts(tech_cart_id, ingredient_id, brutto) VALUES (148, 150, 1);
INSERT INTO public.ingredient_tech_carts(tech_cart_id, ingredient_id, brutto) VALUES (148, 153, 3);
INSERT INTO public.ingredient_tech_carts(tech_cart_id, ingredient_id, brutto) VALUES (148, 172, 1);
INSERT INTO public.ingredient_tech_carts(tech_cart_id, ingredient_id, brutto) VALUES (148, 128, 1);
INSERT INTO public.ingredient_tech_carts(tech_cart_id, ingredient_id, brutto) VALUES (148, 169, 1);
INSERT INTO public.ingredient_tech_carts(tech_cart_id, ingredient_id, brutto) VALUES (148, 117, 0.03);
INSERT INTO public.ingredient_tech_carts(tech_cart_id, ingredient_id, brutto) VALUES (154, 167, 1);
INSERT INTO public.ingredient_tech_carts(tech_cart_id, ingredient_id, brutto) VALUES (154, 127, 1);
INSERT INTO public.ingredient_tech_carts(tech_cart_id, ingredient_id, brutto) VALUES (154, 172, 1);
INSERT INTO public.ingredient_tech_carts(tech_cart_id, ingredient_id, brutto) VALUES (154, 110, 5E-05);
INSERT INTO public.ingredient_tech_carts(tech_cart_id, ingredient_id, brutto) VALUES (154, 117, 0.011);
INSERT INTO public.ingredient_tech_carts(tech_cart_id, ingredient_id, brutto) VALUES (154, 145, 0.17);
INSERT INTO public.ingredient_tech_carts(tech_cart_id, ingredient_id, brutto) VALUES (160, 168, 1);
INSERT INTO public.ingredient_tech_carts(tech_cart_id, ingredient_id, brutto) VALUES (160, 128, 1);
INSERT INTO public.ingredient_tech_carts(tech_cart_id, ingredient_id, brutto) VALUES (160, 172, 1);
INSERT INTO public.ingredient_tech_carts(tech_cart_id, ingredient_id, brutto) VALUES (160, 145, 0.27);
INSERT INTO public.ingredient_tech_carts(tech_cart_id, ingredient_id, brutto) VALUES (160, 110, 0.05);
INSERT INTO public.ingredient_tech_carts(tech_cart_id, ingredient_id, brutto) VALUES (160, 117, 0.011);
INSERT INTO public.ingredient_tech_carts(tech_cart_id, ingredient_id, brutto) VALUES (166, 169, 1);
INSERT INTO public.ingredient_tech_carts(tech_cart_id, ingredient_id, brutto) VALUES (166, 128, 1);
INSERT INTO public.ingredient_tech_carts(tech_cart_id, ingredient_id, brutto) VALUES (166, 172, 1);
INSERT INTO public.ingredient_tech_carts(tech_cart_id, ingredient_id, brutto) VALUES (166, 110, 0.05);
INSERT INTO public.ingredient_tech_carts(tech_cart_id, ingredient_id, brutto) VALUES (166, 145, 0.31);
INSERT INTO public.ingredient_tech_carts(tech_cart_id, ingredient_id, brutto) VALUES (166, 117, 0.019);
INSERT INTO public.ingredient_tech_carts(tech_cart_id, ingredient_id, brutto) VALUES (172, 167, 1);
INSERT INTO public.ingredient_tech_carts(tech_cart_id, ingredient_id, brutto) VALUES (172, 127, 1);
INSERT INTO public.ingredient_tech_carts(tech_cart_id, ingredient_id, brutto) VALUES (172, 150, 1);
INSERT INTO public.ingredient_tech_carts(tech_cart_id, ingredient_id, brutto) VALUES (172, 172, 1);
INSERT INTO public.ingredient_tech_carts(tech_cart_id, ingredient_id, brutto) VALUES (172, 170, 0.015);
INSERT INTO public.ingredient_tech_carts(tech_cart_id, ingredient_id, brutto) VALUES (172, 117, 0.011);
INSERT INTO public.ingredient_tech_carts(tech_cart_id, ingredient_id, brutto) VALUES (172, 141, 0.165);
INSERT INTO public.ingredient_tech_carts(tech_cart_id, ingredient_id, brutto) VALUES (179, 168, 1);
INSERT INTO public.ingredient_tech_carts(tech_cart_id, ingredient_id, brutto) VALUES (179, 128, 1);
INSERT INTO public.ingredient_tech_carts(tech_cart_id, ingredient_id, brutto) VALUES (179, 150, 1);
INSERT INTO public.ingredient_tech_carts(tech_cart_id, ingredient_id, brutto) VALUES (179, 172, 1);
INSERT INTO public.ingredient_tech_carts(tech_cart_id, ingredient_id, brutto) VALUES (179, 170, 0.03);
INSERT INTO public.ingredient_tech_carts(tech_cart_id, ingredient_id, brutto) VALUES (179, 117, 0.011);
INSERT INTO public.ingredient_tech_carts(tech_cart_id, ingredient_id, brutto) VALUES (179, 141, 0.27);
INSERT INTO public.ingredient_tech_carts(tech_cart_id, ingredient_id, brutto) VALUES (186, 169, 1);
INSERT INTO public.ingredient_tech_carts(tech_cart_id, ingredient_id, brutto) VALUES (186, 128, 1);
INSERT INTO public.ingredient_tech_carts(tech_cart_id, ingredient_id, brutto) VALUES (186, 172, 1);
INSERT INTO public.ingredient_tech_carts(tech_cart_id, ingredient_id, brutto) VALUES (186, 150, 1);
INSERT INTO public.ingredient_tech_carts(tech_cart_id, ingredient_id, brutto) VALUES (186, 117, 0.019);
INSERT INTO public.ingredient_tech_carts(tech_cart_id, ingredient_id, brutto) VALUES (186, 170, 0.04);
INSERT INTO public.ingredient_tech_carts(tech_cart_id, ingredient_id, brutto) VALUES (186, 141, 0.32);
INSERT INTO public.ingredient_tech_carts(tech_cart_id, ingredient_id, brutto) VALUES (193, 167, 1);
INSERT INTO public.ingredient_tech_carts(tech_cart_id, ingredient_id, brutto) VALUES (193, 127, 1);
INSERT INTO public.ingredient_tech_carts(tech_cart_id, ingredient_id, brutto) VALUES (193, 150, 1);
INSERT INTO public.ingredient_tech_carts(tech_cart_id, ingredient_id, brutto) VALUES (193, 117, 0.019);
INSERT INTO public.ingredient_tech_carts(tech_cart_id, ingredient_id, brutto) VALUES (193, 141, 0.16);
INSERT INTO public.ingredient_tech_carts(tech_cart_id, ingredient_id, brutto) VALUES (198, 117, 0.012);
INSERT INTO public.ingredient_tech_carts(tech_cart_id, ingredient_id, brutto) VALUES (198, 165, 1);
INSERT INTO public.ingredient_tech_carts(tech_cart_id, ingredient_id, brutto) VALUES (200, 117, 0.02);
INSERT INTO public.ingredient_tech_carts(tech_cart_id, ingredient_id, brutto) VALUES (200, 165, 1);
INSERT INTO public.ingredient_tech_carts(tech_cart_id, ingredient_id, brutto) VALUES (202, 166, 1);
INSERT INTO public.ingredient_tech_carts(tech_cart_id, ingredient_id, brutto) VALUES (202, 129, 1);
INSERT INTO public.ingredient_tech_carts(tech_cart_id, ingredient_id, brutto) VALUES (202, 172, 1);
INSERT INTO public.ingredient_tech_carts(tech_cart_id, ingredient_id, brutto) VALUES (202, 141, 0.3);
INSERT INTO public.ingredient_tech_carts(tech_cart_id, ingredient_id, brutto) VALUES (202, 109, 0.02);
INSERT INTO public.ingredient_tech_carts(tech_cart_id, ingredient_id, brutto) VALUES (207, 166, 1);
INSERT INTO public.ingredient_tech_carts(tech_cart_id, ingredient_id, brutto) VALUES (207, 129, 1);
INSERT INTO public.ingredient_tech_carts(tech_cart_id, ingredient_id, brutto) VALUES (207, 172, 1);
INSERT INTO public.ingredient_tech_carts(tech_cart_id, ingredient_id, brutto) VALUES (207, 141, 0.26);
INSERT INTO public.ingredient_tech_carts(tech_cart_id, ingredient_id, brutto) VALUES (207, 124, 0.02);
INSERT INTO public.ingredient_tech_carts(tech_cart_id, ingredient_id, brutto) VALUES (212, 166, 1);
INSERT INTO public.ingredient_tech_carts(tech_cart_id, ingredient_id, brutto) VALUES (212, 129, 1);
INSERT INTO public.ingredient_tech_carts(tech_cart_id, ingredient_id, brutto) VALUES (212, 172, 1);
INSERT INTO public.ingredient_tech_carts(tech_cart_id, ingredient_id, brutto) VALUES (212, 146, 0.02);
INSERT INTO public.ingredient_tech_carts(tech_cart_id, ingredient_id, brutto) VALUES (212, 141, 0.26);
INSERT INTO public.ingredient_tech_carts(tech_cart_id, ingredient_id, brutto) VALUES (217, 113, 0.25);
INSERT INTO public.ingredient_tech_carts(tech_cart_id, ingredient_id, brutto) VALUES (217, 174, 0.003);
INSERT INTO public.ingredient_tech_carts(tech_cart_id, ingredient_id, brutto) VALUES (217, 129, 1);
INSERT INTO public.ingredient_tech_carts(tech_cart_id, ingredient_id, brutto) VALUES (217, 166, 1);
INSERT INTO public.ingredient_tech_carts(tech_cart_id, ingredient_id, brutto) VALUES (217, 172, 1);
INSERT INTO public.ingredient_tech_carts(tech_cart_id, ingredient_id, brutto) VALUES (217, 154, 0.03);
INSERT INTO public.ingredient_tech_carts(tech_cart_id, ingredient_id, brutto) VALUES (217, 156, 0.03);
INSERT INTO public.ingredient_tech_carts(tech_cart_id, ingredient_id, brutto) VALUES (217, 134, 0.02);
INSERT INTO public.ingredient_tech_carts(tech_cart_id, ingredient_id, brutto) VALUES (225, 129, 1);
INSERT INTO public.ingredient_tech_carts(tech_cart_id, ingredient_id, brutto) VALUES (225, 166, 1);
INSERT INTO public.ingredient_tech_carts(tech_cart_id, ingredient_id, brutto) VALUES (225, 172, 1);
INSERT INTO public.ingredient_tech_carts(tech_cart_id, ingredient_id, brutto) VALUES (225, 113, 0.22);
INSERT INTO public.ingredient_tech_carts(tech_cart_id, ingredient_id, brutto) VALUES (225, 174, 0.003);
INSERT INTO public.ingredient_tech_carts(tech_cart_id, ingredient_id, brutto) VALUES (225, 155, 0.03);
INSERT INTO public.ingredient_tech_carts(tech_cart_id, ingredient_id, brutto) VALUES (225, 159, 0.03);
INSERT INTO public.ingredient_tech_carts(tech_cart_id, ingredient_id, brutto) VALUES (225, 134, 0.02);
INSERT INTO public.ingredient_tech_carts(tech_cart_id, ingredient_id, brutto) VALUES (233, 172, 1);
INSERT INTO public.ingredient_tech_carts(tech_cart_id, ingredient_id, brutto) VALUES (233, 174, 0.003);
INSERT INTO public.ingredient_tech_carts(tech_cart_id, ingredient_id, brutto) VALUES (233, 129, 1);
INSERT INTO public.ingredient_tech_carts(tech_cart_id, ingredient_id, brutto) VALUES (233, 166, 1);
INSERT INTO public.ingredient_tech_carts(tech_cart_id, ingredient_id, brutto) VALUES (233, 113, 0.22);
INSERT INTO public.ingredient_tech_carts(tech_cart_id, ingredient_id, brutto) VALUES (233, 158, 0.03);
INSERT INTO public.ingredient_tech_carts(tech_cart_id, ingredient_id, brutto) VALUES (233, 157, 0.03);
INSERT INTO public.ingredient_tech_carts(tech_cart_id, ingredient_id, brutto) VALUES (233, 134, 0.02);
INSERT INTO public.ingredient_tech_carts(tech_cart_id, ingredient_id, brutto) VALUES (241, 166, 1);
INSERT INTO public.ingredient_tech_carts(tech_cart_id, ingredient_id, brutto) VALUES (241, 129, 1);
INSERT INTO public.ingredient_tech_carts(tech_cart_id, ingredient_id, brutto) VALUES (241, 172, 1);
INSERT INTO public.ingredient_tech_carts(tech_cart_id, ingredient_id, brutto) VALUES (241, 160, 0.03);
INSERT INTO public.ingredient_tech_carts(tech_cart_id, ingredient_id, brutto) VALUES (241, 117, 0.011);
INSERT INTO public.ingredient_tech_carts(tech_cart_id, ingredient_id, brutto) VALUES (241, 141, 0.3);
INSERT INTO public.ingredient_tech_carts(tech_cart_id, ingredient_id, brutto) VALUES (247, 141, 0.25);
INSERT INTO public.ingredient_tech_carts(tech_cart_id, ingredient_id, brutto) VALUES (247, 166, 3);
INSERT INTO public.ingredient_tech_carts(tech_cart_id, ingredient_id, brutto) VALUES (247, 129, 3);
INSERT INTO public.ingredient_tech_carts(tech_cart_id, ingredient_id, brutto) VALUES (247, 172, 3);
INSERT INTO public.ingredient_tech_carts(tech_cart_id, ingredient_id, brutto) VALUES (247, 138, 1);
INSERT INTO public.ingredient_tech_carts(tech_cart_id, ingredient_id, brutto) VALUES (252, 166, 1);
INSERT INTO public.ingredient_tech_carts(tech_cart_id, ingredient_id, brutto) VALUES (252, 129, 1);
INSERT INTO public.ingredient_tech_carts(tech_cart_id, ingredient_id, brutto) VALUES (252, 172, 1);
INSERT INTO public.ingredient_tech_carts(tech_cart_id, ingredient_id, brutto) VALUES (252, 141, 0.25);
INSERT INTO public.ingredient_tech_carts(tech_cart_id, ingredient_id, brutto) VALUES (252, 116, 1);
INSERT INTO public.ingredient_tech_carts(tech_cart_id, ingredient_id, brutto) VALUES (257, 168, 1);
INSERT INTO public.ingredient_tech_carts(tech_cart_id, ingredient_id, brutto) VALUES (257, 128, 1);
INSERT INTO public.ingredient_tech_carts(tech_cart_id, ingredient_id, brutto) VALUES (257, 172, 1);
INSERT INTO public.ingredient_tech_carts(tech_cart_id, ingredient_id, brutto) VALUES (257, 150, 1);
INSERT INTO public.ingredient_tech_carts(tech_cart_id, ingredient_id, brutto) VALUES (257, 141, 0.28);
INSERT INTO public.ingredient_tech_carts(tech_cart_id, ingredient_id, brutto) VALUES (257, 138, 1);
INSERT INTO public.ingredient_tech_carts(tech_cart_id, ingredient_id, brutto) VALUES (263, 168, 1);
INSERT INTO public.ingredient_tech_carts(tech_cart_id, ingredient_id, brutto) VALUES (263, 128, 1);
INSERT INTO public.ingredient_tech_carts(tech_cart_id, ingredient_id, brutto) VALUES (263, 150, 1);
INSERT INTO public.ingredient_tech_carts(tech_cart_id, ingredient_id, brutto) VALUES (263, 172, 1);
INSERT INTO public.ingredient_tech_carts(tech_cart_id, ingredient_id, brutto) VALUES (263, 141, 0.28);
INSERT INTO public.ingredient_tech_carts(tech_cart_id, ingredient_id, brutto) VALUES (263, 116, 1);
INSERT INTO public.ingredient_tech_carts(tech_cart_id, ingredient_id, brutto) VALUES (269, 168, 1);
INSERT INTO public.ingredient_tech_carts(tech_cart_id, ingredient_id, brutto) VALUES (269, 128, 1);
INSERT INTO public.ingredient_tech_carts(tech_cart_id, ingredient_id, brutto) VALUES (269, 172, 1);
INSERT INTO public.ingredient_tech_carts(tech_cart_id, ingredient_id, brutto) VALUES (269, 123, 2);
INSERT INTO public.ingredient_tech_carts(tech_cart_id, ingredient_id, brutto) VALUES (269, 141, 0.3);
INSERT INTO public.ingredient_tech_carts(tech_cart_id, ingredient_id, brutto) VALUES (269, 117, 0.011);
INSERT INTO public.ingredient_tech_carts(tech_cart_id, ingredient_id, brutto) VALUES (269, 150, 1);
INSERT INTO public.ingredient_tech_carts(tech_cart_id, ingredient_id, brutto) VALUES (276, 168, 1);
INSERT INTO public.ingredient_tech_carts(tech_cart_id, ingredient_id, brutto) VALUES (276, 128, 1);
INSERT INTO public.ingredient_tech_carts(tech_cart_id, ingredient_id, brutto) VALUES (276, 150, 1);
INSERT INTO public.ingredient_tech_carts(tech_cart_id, ingredient_id, brutto) VALUES (276, 172, 1);
INSERT INTO public.ingredient_tech_carts(tech_cart_id, ingredient_id, brutto) VALUES (276, 117, 0.011);
INSERT INTO public.ingredient_tech_carts(tech_cart_id, ingredient_id, brutto) VALUES (276, 141, 0.3);
INSERT INTO public.ingredient_tech_carts(tech_cart_id, ingredient_id, brutto) VALUES (276, 178, 2);
INSERT INTO public.ingredient_tech_carts(tech_cart_id, ingredient_id, brutto) VALUES (283, 168, 1);
INSERT INTO public.ingredient_tech_carts(tech_cart_id, ingredient_id, brutto) VALUES (283, 128, 1);
INSERT INTO public.ingredient_tech_carts(tech_cart_id, ingredient_id, brutto) VALUES (283, 172, 1);
INSERT INTO public.ingredient_tech_carts(tech_cart_id, ingredient_id, brutto) VALUES (283, 150, 1);
INSERT INTO public.ingredient_tech_carts(tech_cart_id, ingredient_id, brutto) VALUES (283, 131, 2);
INSERT INTO public.ingredient_tech_carts(tech_cart_id, ingredient_id, brutto) VALUES (283, 145, 0.27);
INSERT INTO public.ingredient_tech_carts(tech_cart_id, ingredient_id, brutto) VALUES (283, 117, 0.011);
INSERT INTO public.ingredient_tech_carts(tech_cart_id, ingredient_id, brutto) VALUES (290, 145, 0.31);
INSERT INTO public.ingredient_tech_carts(tech_cart_id, ingredient_id, brutto) VALUES (290, 168, 1);
INSERT INTO public.ingredient_tech_carts(tech_cart_id, ingredient_id, brutto) VALUES (290, 128, 1);
INSERT INTO public.ingredient_tech_carts(tech_cart_id, ingredient_id, brutto) VALUES (290, 150, 1);
INSERT INTO public.ingredient_tech_carts(tech_cart_id, ingredient_id, brutto) VALUES (290, 172, 1);
INSERT INTO public.ingredient_tech_carts(tech_cart_id, ingredient_id, brutto) VALUES (290, 137, 2);
INSERT INTO public.ingredient_tech_carts(tech_cart_id, ingredient_id, brutto) VALUES (290, 117, 0.011);
INSERT INTO public.ingredient_tech_carts(tech_cart_id, ingredient_id, brutto) VALUES (297, 168, 1);
INSERT INTO public.ingredient_tech_carts(tech_cart_id, ingredient_id, brutto) VALUES (297, 128, 1);
INSERT INTO public.ingredient_tech_carts(tech_cart_id, ingredient_id, brutto) VALUES (297, 163, 0.2);
INSERT INTO public.ingredient_tech_carts(tech_cart_id, ingredient_id, brutto) VALUES (297, 150, 1);
INSERT INTO public.ingredient_tech_carts(tech_cart_id, ingredient_id, brutto) VALUES (297, 149, 1);
INSERT INTO public.ingredient_tech_carts(tech_cart_id, ingredient_id, brutto) VALUES (302, 128, 1);
INSERT INTO public.ingredient_tech_carts(tech_cart_id, ingredient_id, brutto) VALUES (302, 141, 0.25);
INSERT INTO public.ingredient_tech_carts(tech_cart_id, ingredient_id, brutto) VALUES (302, 168, 1);
INSERT INTO public.ingredient_tech_carts(tech_cart_id, ingredient_id, brutto) VALUES (302, 181, 0.34);
INSERT INTO public.ingredient_tech_carts(tech_cart_id, ingredient_id, brutto) VALUES (306, 141, 0.25);
INSERT INTO public.ingredient_tech_carts(tech_cart_id, ingredient_id, brutto) VALUES (306, 168, 1);
INSERT INTO public.ingredient_tech_carts(tech_cart_id, ingredient_id, brutto) VALUES (306, 128, 1);
INSERT INTO public.ingredient_tech_carts(tech_cart_id, ingredient_id, brutto) VALUES (306, 172, 1);
INSERT INTO public.ingredient_tech_carts(tech_cart_id, ingredient_id, brutto) VALUES (306, 120, 0.025);
INSERT INTO public.ingredient_tech_carts(tech_cart_id, ingredient_id, brutto) VALUES (311, 168, 1);
INSERT INTO public.ingredient_tech_carts(tech_cart_id, ingredient_id, brutto) VALUES (311, 128, 1);
INSERT INTO public.ingredient_tech_carts(tech_cart_id, ingredient_id, brutto) VALUES (311, 149, 1);
INSERT INTO public.ingredient_tech_carts(tech_cart_id, ingredient_id, brutto) VALUES (311, 150, 1);
INSERT INTO public.ingredient_tech_carts(tech_cart_id, ingredient_id, brutto) VALUES (311, 174, 0.003);
INSERT INTO public.ingredient_tech_carts(tech_cart_id, ingredient_id, brutto) VALUES (311, 177, 1);
INSERT INTO public.ingredient_tech_carts(tech_cart_id, ingredient_id, brutto) VALUES (317, 168, 1);
INSERT INTO public.ingredient_tech_carts(tech_cart_id, ingredient_id, brutto) VALUES (317, 128, 1);
INSERT INTO public.ingredient_tech_carts(tech_cart_id, ingredient_id, brutto) VALUES (317, 179, 0.01);
INSERT INTO public.ingredient_tech_carts(tech_cart_id, ingredient_id, brutto) VALUES (317, 150, 1);
INSERT INTO public.ingredient_tech_carts(tech_cart_id, ingredient_id, brutto) VALUES (317, 177, 1);
INSERT INTO public.ingredient_tech_carts(tech_cart_id, ingredient_id, brutto) VALUES (317, 111, 0.05);
INSERT INTO public.ingredient_tech_carts(tech_cart_id, ingredient_id, brutto) VALUES (323, 117, 0.01);
INSERT INTO public.ingredient_tech_carts(tech_cart_id, ingredient_id, brutto) VALUES (324, 177, 1);
INSERT INTO public.ingredient_tech_carts(tech_cart_id, ingredient_id, brutto) VALUES (324, 168, 1);
INSERT INTO public.ingredient_tech_carts(tech_cart_id, ingredient_id, brutto) VALUES (324, 128, 1);
INSERT INTO public.ingredient_tech_carts(tech_cart_id, ingredient_id, brutto) VALUES (327, 166, 1);
INSERT INTO public.ingredient_tech_carts(tech_cart_id, ingredient_id, brutto) VALUES (327, 129, 1);
INSERT INTO public.ingredient_tech_carts(tech_cart_id, ingredient_id, brutto) VALUES (327, 172, 1);
INSERT INTO public.ingredient_tech_carts(tech_cart_id, ingredient_id, brutto) VALUES (327, 117, 0.02);
INSERT INTO public.ingredient_tech_carts(tech_cart_id, ingredient_id, brutto) VALUES (327, 163, 0.32);
INSERT INTO public.ingredient_tech_carts(tech_cart_id, ingredient_id, brutto) VALUES (332, 166, 1);
INSERT INTO public.ingredient_tech_carts(tech_cart_id, ingredient_id, brutto) VALUES (332, 129, 1);
INSERT INTO public.ingredient_tech_carts(tech_cart_id, ingredient_id, brutto) VALUES (332, 172, 1);
INSERT INTO public.ingredient_tech_carts(tech_cart_id, ingredient_id, brutto) VALUES (332, 132, 0.15);
INSERT INTO public.ingredient_tech_carts(tech_cart_id, ingredient_id, brutto) VALUES (332, 117, 0.019);
INSERT INTO public.ingredient_tech_carts(tech_cart_id, ingredient_id, brutto) VALUES (332, 145, 0.25);
INSERT INTO public.ingredient_tech_carts(tech_cart_id, ingredient_id, brutto) VALUES (332, 105, 0.02);
INSERT INTO public.ingredient_tech_carts(tech_cart_id, ingredient_id, brutto) VALUES (339, 168, 1);
INSERT INTO public.ingredient_tech_carts(tech_cart_id, ingredient_id, brutto) VALUES (339, 128, 1);
INSERT INTO public.ingredient_tech_carts(tech_cart_id, ingredient_id, brutto) VALUES (339, 172, 1);
INSERT INTO public.ingredient_tech_carts(tech_cart_id, ingredient_id, brutto) VALUES (339, 150, 1);
INSERT INTO public.ingredient_tech_carts(tech_cart_id, ingredient_id, brutto) VALUES (339, 107, 0.02);
INSERT INTO public.ingredient_tech_carts(tech_cart_id, ingredient_id, brutto) VALUES (339, 117, 0.019);
INSERT INTO public.ingredient_tech_carts(tech_cart_id, ingredient_id, brutto) VALUES (339, 141, 0.25);
INSERT INTO public.ingredient_tech_carts(tech_cart_id, ingredient_id, brutto) VALUES (346, 141, 0.25);
INSERT INTO public.ingredient_tech_carts(tech_cart_id, ingredient_id, brutto) VALUES (346, 139, 0.02);
INSERT INTO public.ingredient_tech_carts(tech_cart_id, ingredient_id, brutto) VALUES (346, 129, 1);
INSERT INTO public.ingredient_tech_carts(tech_cart_id, ingredient_id, brutto) VALUES (346, 166, 1);
INSERT INTO public.ingredient_tech_carts(tech_cart_id, ingredient_id, brutto) VALUES (346, 172, 1);
INSERT INTO public.ingredient_tech_carts(tech_cart_id, ingredient_id, brutto) VALUES (346, 132, 0.05);
INSERT INTO public.ingredient_tech_carts(tech_cart_id, ingredient_id, brutto) VALUES (352, 168, 1);
INSERT INTO public.ingredient_tech_carts(tech_cart_id, ingredient_id, brutto) VALUES (352, 117, 0.018);
INSERT INTO public.ingredient_tech_carts(tech_cart_id, ingredient_id, brutto) VALUES (352, 141, 0.25);
INSERT INTO public.ingredient_tech_carts(tech_cart_id, ingredient_id, brutto) VALUES (352, 128, 1);
INSERT INTO public.ingredient_tech_carts(tech_cart_id, ingredient_id, brutto) VALUES (352, 121, 0.02);
INSERT INTO public.ingredient_tech_carts(tech_cart_id, ingredient_id, brutto) VALUES (357, 168, 1);
INSERT INTO public.ingredient_tech_carts(tech_cart_id, ingredient_id, brutto) VALUES (357, 128, 1);
INSERT INTO public.ingredient_tech_carts(tech_cart_id, ingredient_id, brutto) VALUES (357, 142, 1);
INSERT INTO public.ingredient_tech_carts(tech_cart_id, ingredient_id, brutto) VALUES (357, 174, 2.9999999999999997E-05);
INSERT INTO public.ingredient_tech_carts(tech_cart_id, ingredient_id, brutto) VALUES (357, 177, 1);
INSERT INTO public.ingredient_tech_carts(tech_cart_id, ingredient_id, brutto) VALUES (357, 119, 0.05);
INSERT INTO public.ingredient_tech_carts(tech_cart_id, ingredient_id, brutto) VALUES (363, 168, 1);
INSERT INTO public.ingredient_tech_carts(tech_cart_id, ingredient_id, brutto) VALUES (363, 128, 1);
INSERT INTO public.ingredient_tech_carts(tech_cart_id, ingredient_id, brutto) VALUES (363, 136, 1);
INSERT INTO public.ingredient_tech_carts(tech_cart_id, ingredient_id, brutto) VALUES (363, 174, 2.9999999999999997E-05);
INSERT INTO public.ingredient_tech_carts(tech_cart_id, ingredient_id, brutto) VALUES (363, 177, 1);
INSERT INTO public.ingredient_tech_carts(tech_cart_id, ingredient_id, brutto) VALUES (363, 143, 0.05);
INSERT INTO public.ingredient_tech_carts(tech_cart_id, ingredient_id, brutto) VALUES (369, 168, 1);
INSERT INTO public.ingredient_tech_carts(tech_cart_id, ingredient_id, brutto) VALUES (369, 120, 0.015);
INSERT INTO public.ingredient_tech_carts(tech_cart_id, ingredient_id, brutto) VALUES (369, 141, 0.28);
INSERT INTO public.ingredient_tech_carts(tech_cart_id, ingredient_id, brutto) VALUES (369, 153, 1);
INSERT INTO public.ingredient_tech_carts(tech_cart_id, ingredient_id, brutto) VALUES (369, 173, 2);
INSERT INTO public.ingredient_tech_carts(tech_cart_id, ingredient_id, brutto) VALUES (369, 128, 1);
---------------------------------------
SELECT setval('public.nabors_id_seq', 166, true);
SELECT setval('public.ingredient_nabors_id_seq', 175, true);
INSERT INTO public.nabors(id, name, min, max, deleted) VALUES(103, 'Сиропы', 0, 0, false);
INSERT INTO public.ingredient_nabors(id, nabor_id, ingredient_id, name, image,  brutto, price) 
                    VALUES(103, 103, 122, 'Карамель', '',  0.03, 0.01);
INSERT INTO public.ingredient_nabors(id, nabor_id, ingredient_id, name, image,  brutto, price) 
                    VALUES(104, 103, 164, 'Соленая карамель', '',  0.03, 0.01);
INSERT INTO public.ingredient_nabors(id, nabor_id, ingredient_id, name, image,  brutto, price) 
                    VALUES(105, 103, 148, 'Поп корн', '',  0.03, 0.01);
INSERT INTO public.ingredient_nabors(id, nabor_id, ingredient_id, name, image,  brutto, price) 
                    VALUES(106, 103, 104, 'Айриш', '',  0.03, 0.01);
INSERT INTO public.ingredient_nabors(id, nabor_id, ingredient_id, name, image,  brutto, price) 
                    VALUES(107, 103, 118, 'Имбирный пряник',  '', 0.03, 0.01);
INSERT INTO public.ingredient_nabors(id, nabor_id, ingredient_id, name, image,  brutto, price) 
                    VALUES(108, 103, 180, 'Шоколад',  '', 0.03, 0.01);
INSERT INTO public.ingredient_nabors(id, nabor_id, ingredient_id, name, image,  brutto, price) 
                    VALUES(109, 103, 130, 'Кукис шоколадный',  '', 0.03, 0.01);
INSERT INTO public.ingredient_nabors(id, nabor_id, ingredient_id, name, image,  brutto, price) 
                    VALUES(110, 103, 182, 'Яблочный пирог',  '', 0.03, 0.01);
INSERT INTO public.ingredient_nabors(id, nabor_id, ingredient_id, name, image,  brutto, price) 
                    VALUES(111, 103, 171, 'Тофифи',  '', 0.03, 0.01);
INSERT INTO public.ingredient_nabors(id, nabor_id, ingredient_id, name, image,  brutto, price) 
                    VALUES(112, 103, 110, 'Ваниль',  '', 0.03, 0.01);
INSERT INTO public.nabors(id, name, min, max, deleted) VALUES(141, 'Молоко', 0, 0, false);
INSERT INTO public.ingredient_nabors(id, nabor_id, ingredient_id, name, image,  brutto, price) 
                    VALUES(141, 141, 144, 'Овсяное молоко',  '', 0.3, 300);
INSERT INTO public.ingredient_nabors(id, nabor_id, ingredient_id, name, image,  brutto, price) 
                    VALUES(142, 141, 140, 'Миндальное молоко', '',  0.3, 300);
INSERT INTO public.ingredient_nabors(id, nabor_id, ingredient_id, name, image,  brutto, price) 
                    VALUES(143, 141, 126, 'Кокосовое молоко', '',  0.3, 300);
INSERT INTO public.ingredient_nabors(id, nabor_id, ingredient_id, name, image,  brutto, price) 
                    VALUES(144, 141, 175, 'Фундучное молоко', '',  0.3, 300);
INSERT INTO public.ingredient_nabors(id, nabor_id, ingredient_id, name, image,  brutto, price) 
                    VALUES(145, 141, 162, 'Соевое молоко', '',  0.3, 300);
INSERT INTO public.nabors(id, name, min, max, deleted) VALUES(113, 'Эссенции айс', 0, 0, false);
INSERT INTO public.ingredient_nabors(id, nabor_id, ingredient_id, name, image,  brutto, price) 
                    VALUES(113, 113, 135, 'Малина эсс', '',  3, 0);
INSERT INTO public.ingredient_nabors(id, nabor_id, ingredient_id, name, image,  brutto, price) 
                    VALUES(114, 113, 173, 'Фисташка эсс', '',  3, 0);
INSERT INTO public.ingredient_nabors(id, nabor_id, ingredient_id, name, image,  brutto, price) 
                    VALUES(115, 113, 115, 'Дыня эсс', '',  3, 0);
INSERT INTO public.ingredient_nabors(id, nabor_id, ingredient_id, name, image,  brutto, price) 
                    VALUES(116, 113, 125, 'Кокос эсс', '',  3, 0);
INSERT INTO public.ingredient_nabors(id, nabor_id, ingredient_id, name, image,  brutto, price) 
                    VALUES(117, 113, 147, 'Персик эсс', '',  3, 0);
INSERT INTO public.ingredient_nabors(id, nabor_id, ingredient_id, name, image,  brutto, price) 
                    VALUES(118, 113, 133, 'Лесной Орех эсс', '',  3, 0);
INSERT INTO public.ingredient_nabors(id, nabor_id, ingredient_id, name, image,  brutto, price) 
                    VALUES(119, 113, 136, 'Манго эсс', '', 3, 0);
INSERT INTO public.ingredient_nabors(id, nabor_id, ingredient_id, name, image,  brutto, price) 
                    VALUES(120, 113, 142, 'Мята эсс', '',  3, 0);
INSERT INTO public.ingredient_nabors(id, nabor_id, ingredient_id, name, image,  brutto, price) 
                    VALUES(121, 113, 106, 'Амаретто эсс', '',  3, 0);
INSERT INTO public.ingredient_nabors(id, nabor_id, ingredient_id, name, image,  brutto, price) 
                    VALUES(122, 113, 161, 'Смородина эсс', '',  3, 0);
INSERT INTO public.nabors(id, name, min, max, deleted) VALUES(166, 'Эссенция 480 мл', 0, 0, false);
INSERT INTO public.ingredient_nabors(id, nabor_id, ingredient_id, name, image,  brutto, price) 
                    VALUES(166, 166, 173, 'Фисташка', '', 3, 180);
INSERT INTO public.ingredient_nabors(id, nabor_id, ingredient_id, name, image,  brutto, price) 
                    VALUES(167, 166, 135, 'Малина', '',  3, 180);
INSERT INTO public.ingredient_nabors(id, nabor_id, ingredient_id, name, image,  brutto, price) 
                    VALUES(168, 166, 115, 'Дыня', '',  3, 180);
INSERT INTO public.ingredient_nabors(id, nabor_id, ingredient_id, name, image,  brutto, price) 
                    VALUES(169, 166, 125, 'Кокос', '',  3, 180);
INSERT INTO public.ingredient_nabors(id, nabor_id, ingredient_id, name, image,  brutto, price) 
                    VALUES(170, 166, 147, 'Персик', '',  3, 180);
INSERT INTO public.ingredient_nabors(id, nabor_id, ingredient_id, name, image,  brutto, price) 
                    VALUES(171, 166, 133, 'Лесной Орех', '', 3, 180);
INSERT INTO public.ingredient_nabors(id, nabor_id, ingredient_id, name, image,  brutto, price) 
                    VALUES(172, 166, 136, 'Манго', '',  3, 180);
INSERT INTO public.ingredient_nabors(id, nabor_id, ingredient_id, name, image,  brutto, price) 
                    VALUES(173, 166, 106, 'Амаретто', '',  3, 180);
INSERT INTO public.ingredient_nabors(id, nabor_id, ingredient_id, name, image,  brutto, price) 
                    VALUES(174, 166, 142, 'Мята', '',  3, 180);
INSERT INTO public.ingredient_nabors(id, nabor_id, ingredient_id, name, image,  brutto, price) 
                    VALUES(175, 166, 161, 'Смородина', '',  3, 180);
INSERT INTO public.nabors(id, name, min, max, deleted) VALUES(146, 'Эссенция 250 мл', 0, 0, false);
INSERT INTO public.ingredient_nabors(id, nabor_id, ingredient_id, name, image,  brutto, price) 
                    VALUES(146, 146, 173, 'Фисташка', '',  1, 60);
INSERT INTO public.ingredient_nabors(id, nabor_id, ingredient_id, name, image,  brutto, price) 
                    VALUES(147, 146, 135, 'Малина', '', 1, 60);
INSERT INTO public.ingredient_nabors(id, nabor_id, ingredient_id, name, image,  brutto, price) 
                    VALUES(148, 146, 115, 'Дыня', '',  1, 60);
INSERT INTO public.ingredient_nabors(id, nabor_id, ingredient_id, name, image,  brutto, price) 
                    VALUES(149, 146, 125, 'Кокос', '',  1, 60);
INSERT INTO public.ingredient_nabors(id, nabor_id, ingredient_id, name, image,  brutto, price) 
                    VALUES(150, 146, 147, 'Персик', '',  1, 60);
INSERT INTO public.ingredient_nabors(id, nabor_id, ingredient_id, name, image,  brutto, price) 
                    VALUES(151, 146, 133, 'Лесной Орех',  '', 1, 60);
INSERT INTO public.ingredient_nabors(id, nabor_id, ingredient_id, name, image,  brutto, price) 
                    VALUES(152, 146, 136, 'Манго', '', 1, 60);
INSERT INTO public.ingredient_nabors(id, nabor_id, ingredient_id, name, image,  brutto, price) 
                    VALUES(153, 146, 106, 'Амаретто', '',  1, 60);
INSERT INTO public.ingredient_nabors(id, nabor_id, ingredient_id, name, image,  brutto, price) 
                    VALUES(154, 146, 142, 'Мята', '',  1, 60);
INSERT INTO public.ingredient_nabors(id, nabor_id, ingredient_id, name, image,  brutto, price) 
                    VALUES(155, 146, 161, 'Смородина', '',  1, 60);
INSERT INTO public.nabors(id, name, min, max, deleted) VALUES(123, 'Молоко Американо', 0, 0, false);
INSERT INTO public.ingredient_nabors(id, nabor_id, ingredient_id, name, image,  brutto, price) 
                    VALUES(123, 123, 144, 'Овсяное молоко', '',  0.15, 0);
INSERT INTO public.ingredient_nabors(id, nabor_id, ingredient_id, name, image,  brutto, price) 
                    VALUES(124, 123, 140, 'Миндальное молоко', '', 0.15, 0);
INSERT INTO public.ingredient_nabors(id, nabor_id, ingredient_id, name, image,  brutto, price) 
                    VALUES(125, 123, 126, 'Кокосовое молоко', '',  0.15, 0);
INSERT INTO public.ingredient_nabors(id, nabor_id, ingredient_id, name, image,  brutto, price) 
                    VALUES(126, 123, 175, 'Фундучное молоко', '',  0.15, 0);
INSERT INTO public.ingredient_nabors(id, nabor_id, ingredient_id, name, image,  brutto, price) 
                    VALUES(127, 123, 162, 'Соевое молоко', '',  0.15, 0);
INSERT INTO public.nabors(id, name, min, max, deleted) VALUES(156, 'Эссенция 360 мл', 0, 0, false);
INSERT INTO public.ingredient_nabors(id, nabor_id, ingredient_id, name, image,  brutto, price) 
                    VALUES(156, 156, 173, 'Фисташка', '',  2, 120);
INSERT INTO public.ingredient_nabors(id, nabor_id, ingredient_id, name, image,  brutto, price) 
                    VALUES(157, 156, 135, 'Малина', '',  2, 120);
INSERT INTO public.ingredient_nabors(id, nabor_id, ingredient_id, name, image,  brutto, price) 
                    VALUES(158, 156, 115, 'Дыня', '',  2, 120);
INSERT INTO public.ingredient_nabors(id, nabor_id, ingredient_id, name, image,  brutto, price) 
                    VALUES(159, 156, 125, 'Кокос', '',  2, 120);
INSERT INTO public.ingredient_nabors(id, nabor_id, ingredient_id, name, image,  brutto, price) 
                    VALUES(160, 156, 147, 'Персик', '',  2, 120);
INSERT INTO public.ingredient_nabors(id, nabor_id, ingredient_id, name, image,  brutto, price) 
                    VALUES(161, 156, 133, 'Лесной Орех', '',  2, 120);
INSERT INTO public.ingredient_nabors(id, nabor_id, ingredient_id, name, image,  brutto, price) 
                    VALUES(162, 156, 136, 'Манго', '',  2, 120);
INSERT INTO public.ingredient_nabors(id, nabor_id, ingredient_id, name, image,  brutto, price) 
                    VALUES(163, 156, 106, 'Амаретто', '',  2, 120);
INSERT INTO public.ingredient_nabors(id, nabor_id, ingredient_id, name, image,  brutto, price) 
                    VALUES(164, 156, 142, 'Мята', '',  2, 120);
INSERT INTO public.ingredient_nabors(id, nabor_id, ingredient_id, name, image,  brutto, price) 
                    VALUES(165, 156, 161, 'Смородина', '',  2, 120);
INSERT INTO public.nabors(id, name, min, max, deleted) VALUES(128, 'Шугар', 0, 0, false);
INSERT INTO public.ingredient_nabors(id, nabor_id, ingredient_id, name, image,  brutto, price) 
                    VALUES(128, 128, 153, 'Сахар 3', '',  3, 0.01);
INSERT INTO public.ingredient_nabors(id, nabor_id, ingredient_id, name, image,  brutto, price) 
                    VALUES(129, 128, 153, 'Сахар 2', '',  2, 0.01);
INSERT INTO public.ingredient_nabors(id, nabor_id, ingredient_id, name, image,  brutto, price) 
                    VALUES(130, 128, 153, 'Сахар 1', '',  1, 0.01);
INSERT INTO public.nabor_tech_carts(tech_cart_id, nabor_id) VALUES (241, 103);
INSERT INTO public.nabor_tech_carts(tech_cart_id, nabor_id) VALUES (241, 141);
INSERT INTO public.nabor_tech_carts(tech_cart_id, nabor_id) VALUES (241, 113);
INSERT INTO public.nabor_tech_carts(tech_cart_id, nabor_id) VALUES (247, 103);
INSERT INTO public.nabor_tech_carts(tech_cart_id, nabor_id) VALUES (247, 166);
INSERT INTO public.nabor_tech_carts(tech_cart_id, nabor_id) VALUES (247, 141);
INSERT INTO public.nabor_tech_carts(tech_cart_id, nabor_id) VALUES (252, 103);
INSERT INTO public.nabor_tech_carts(tech_cart_id, nabor_id) VALUES (252, 166);
INSERT INTO public.nabor_tech_carts(tech_cart_id, nabor_id) VALUES (252, 141);
INSERT INTO public.nabor_tech_carts(tech_cart_id, nabor_id) VALUES (144, 103);
INSERT INTO public.nabor_tech_carts(tech_cart_id, nabor_id) VALUES (144, 146);
INSERT INTO public.nabor_tech_carts(tech_cart_id, nabor_id) VALUES (144, 123);
INSERT INTO public.nabor_tech_carts(tech_cart_id, nabor_id) VALUES (139, 103);
INSERT INTO public.nabor_tech_carts(tech_cart_id, nabor_id) VALUES (139, 156);
INSERT INTO public.nabor_tech_carts(tech_cart_id, nabor_id) VALUES (139, 123);
INSERT INTO public.nabor_tech_carts(tech_cart_id, nabor_id) VALUES (148, 103);
INSERT INTO public.nabor_tech_carts(tech_cart_id, nabor_id) VALUES (148, 166);
INSERT INTO public.nabor_tech_carts(tech_cart_id, nabor_id) VALUES (148, 123);
INSERT INTO public.nabor_tech_carts(tech_cart_id, nabor_id) VALUES (202, 141);
INSERT INTO public.nabor_tech_carts(tech_cart_id, nabor_id) VALUES (257, 156);
INSERT INTO public.nabor_tech_carts(tech_cart_id, nabor_id) VALUES (257, 141);
INSERT INTO public.nabor_tech_carts(tech_cart_id, nabor_id) VALUES (257, 128);
INSERT INTO public.nabor_tech_carts(tech_cart_id, nabor_id) VALUES (257, 103);
INSERT INTO public.nabor_tech_carts(tech_cart_id, nabor_id) VALUES (302, 103);
INSERT INTO public.nabor_tech_carts(tech_cart_id, nabor_id) VALUES (302, 156);
INSERT INTO public.nabor_tech_carts(tech_cart_id, nabor_id) VALUES (302, 141);
INSERT INTO public.nabor_tech_carts(tech_cart_id, nabor_id) VALUES (263, 156);
INSERT INTO public.nabor_tech_carts(tech_cart_id, nabor_id) VALUES (263, 141);
INSERT INTO public.nabor_tech_carts(tech_cart_id, nabor_id) VALUES (263, 128);
INSERT INTO public.nabor_tech_carts(tech_cart_id, nabor_id) VALUES (263, 103);
INSERT INTO public.nabor_tech_carts(tech_cart_id, nabor_id) VALUES (306, 103);
INSERT INTO public.nabor_tech_carts(tech_cart_id, nabor_id) VALUES (306, 156);
INSERT INTO public.nabor_tech_carts(tech_cart_id, nabor_id) VALUES (306, 141);
INSERT INTO public.nabor_tech_carts(tech_cart_id, nabor_id) VALUES (121, 103);
INSERT INTO public.nabor_tech_carts(tech_cart_id, nabor_id) VALUES (121, 146);
INSERT INTO public.nabor_tech_carts(tech_cart_id, nabor_id) VALUES (121, 141);
INSERT INTO public.nabor_tech_carts(tech_cart_id, nabor_id) VALUES (127, 103);
INSERT INTO public.nabor_tech_carts(tech_cart_id, nabor_id) VALUES (127, 156);
INSERT INTO public.nabor_tech_carts(tech_cart_id, nabor_id) VALUES (127, 141);
INSERT INTO public.nabor_tech_carts(tech_cart_id, nabor_id) VALUES (133, 103);
INSERT INTO public.nabor_tech_carts(tech_cart_id, nabor_id) VALUES (133, 166);
INSERT INTO public.nabor_tech_carts(tech_cart_id, nabor_id) VALUES (133, 141);
INSERT INTO public.nabor_tech_carts(tech_cart_id, nabor_id) VALUES (269, 103);
INSERT INTO public.nabor_tech_carts(tech_cart_id, nabor_id) VALUES (269, 156);
INSERT INTO public.nabor_tech_carts(tech_cart_id, nabor_id) VALUES (269, 141);
INSERT INTO public.nabor_tech_carts(tech_cart_id, nabor_id) VALUES (283, 103);
INSERT INTO public.nabor_tech_carts(tech_cart_id, nabor_id) VALUES (103, 103);
INSERT INTO public.nabor_tech_carts(tech_cart_id, nabor_id) VALUES (103, 146);
INSERT INTO public.nabor_tech_carts(tech_cart_id, nabor_id) VALUES (103, 141);
INSERT INTO public.nabor_tech_carts(tech_cart_id, nabor_id) VALUES (109, 103);
INSERT INTO public.nabor_tech_carts(tech_cart_id, nabor_id) VALUES (109, 156);
INSERT INTO public.nabor_tech_carts(tech_cart_id, nabor_id) VALUES (109, 141);
INSERT INTO public.nabor_tech_carts(tech_cart_id, nabor_id) VALUES (115, 103);
INSERT INTO public.nabor_tech_carts(tech_cart_id, nabor_id) VALUES (115, 166);
INSERT INTO public.nabor_tech_carts(tech_cart_id, nabor_id) VALUES (115, 141);
INSERT INTO public.nabor_tech_carts(tech_cart_id, nabor_id) VALUES (317, 156);
INSERT INTO public.nabor_tech_carts(tech_cart_id, nabor_id) VALUES (290, 103);
INSERT INTO public.nabor_tech_carts(tech_cart_id, nabor_id) VALUES (172, 103);
INSERT INTO public.nabor_tech_carts(tech_cart_id, nabor_id) VALUES (172, 146);
INSERT INTO public.nabor_tech_carts(tech_cart_id, nabor_id) VALUES (172, 141);
INSERT INTO public.nabor_tech_carts(tech_cart_id, nabor_id) VALUES (179, 103);
INSERT INTO public.nabor_tech_carts(tech_cart_id, nabor_id) VALUES (179, 156);
INSERT INTO public.nabor_tech_carts(tech_cart_id, nabor_id) VALUES (179, 141);
INSERT INTO public.nabor_tech_carts(tech_cart_id, nabor_id) VALUES (186, 103);
INSERT INTO public.nabor_tech_carts(tech_cart_id, nabor_id) VALUES (186, 166);
INSERT INTO public.nabor_tech_carts(tech_cart_id, nabor_id) VALUES (186, 141);
INSERT INTO public.nabor_tech_carts(tech_cart_id, nabor_id) VALUES (311, 156);
INSERT INTO public.nabor_tech_carts(tech_cart_id, nabor_id) VALUES (363, 156);
INSERT INTO public.nabor_tech_carts(tech_cart_id, nabor_id) VALUES (346, 141);
INSERT INTO public.nabor_tech_carts(tech_cart_id, nabor_id) VALUES (375, 141);
INSERT INTO public.nabor_tech_carts(tech_cart_id, nabor_id) VALUES (154, 146);
INSERT INTO public.nabor_tech_carts(tech_cart_id, nabor_id) VALUES (154, 103);
INSERT INTO public.nabor_tech_carts(tech_cart_id, nabor_id) VALUES (154, 141);
INSERT INTO public.nabor_tech_carts(tech_cart_id, nabor_id) VALUES (160, 103);
INSERT INTO public.nabor_tech_carts(tech_cart_id, nabor_id) VALUES (160, 156);
INSERT INTO public.nabor_tech_carts(tech_cart_id, nabor_id) VALUES (160, 141);
INSERT INTO public.nabor_tech_carts(tech_cart_id, nabor_id) VALUES (166, 103);
INSERT INTO public.nabor_tech_carts(tech_cart_id, nabor_id) VALUES (166, 166);
INSERT INTO public.nabor_tech_carts(tech_cart_id, nabor_id) VALUES (166, 141);
INSERT INTO public.nabor_tech_carts(tech_cart_id, nabor_id) VALUES (193, 103);
INSERT INTO public.nabor_tech_carts(tech_cart_id, nabor_id) VALUES (193, 128);
INSERT INTO public.nabor_tech_carts(tech_cart_id, nabor_id) VALUES (276, 103);
INSERT INTO public.nabor_tech_carts(tech_cart_id, nabor_id) VALUES (376, 146);
INSERT INTO public.nabor_tech_carts(tech_cart_id, nabor_id) VALUES (377, 156);
INSERT INTO public.nabor_tech_carts(tech_cart_id, nabor_id) VALUES (378, 166);
SELECT setval('public.users_id_seq',347, true);
INSERT INTO public.users(id, device_id, phone, name, discount, balance) VALUES ('100',null,'+7 701 485 8369',' Рустам Абдуллаев',0, 0);
INSERT INTO public.users(id, device_id, phone, name, discount, balance) VALUES ('101',null,'+7 701 485 8369',' Рустам Абдуллаев',0, 0);
INSERT INTO public.users(id, device_id, phone, name, discount, balance) VALUES ('102',null,'+7 775 000 1239','Moldir Aitlesova ',0, 0);
INSERT INTO public.users(id, device_id, phone, name, discount, balance) VALUES ('103',null,'+7 775 000 1239','Moldir Aitlesova ',0, 0);
INSERT INTO public.users(id, device_id, phone, name, discount, balance) VALUES ('104',null,'+7 775 000 1239','Moldir Aitlesova ',0, 0);
INSERT INTO public.users(id, device_id, phone, name, discount, balance) VALUES ('105',null,'+7 701 888 4012','А.С Анель ',0, 0);
INSERT INTO public.users(id, device_id, phone, name, discount, balance) VALUES ('106',null,'+7 700 199 3055','Абу Зухрат ',0, 0);
INSERT INTO public.users(id, device_id, phone, name, discount, balance) VALUES ('107',null,'+7 700 199 3055','Абу Зухрат ',0, 0);
INSERT INTO public.users(id, device_id, phone, name, discount, balance) VALUES ('108',null,'+7 700 199 3055','Абу Зухрат ',0, 0);
INSERT INTO public.users(id, device_id, phone, name, discount, balance) VALUES ('109',null,'+7 701 610 7744','Аделя Каидарова ',0, 0);
INSERT INTO public.users(id, device_id, phone, name, discount, balance) VALUES ('110',null,'+7 701 444 0264','Адилханова Жанвр ',0, 0);
INSERT INTO public.users(id, device_id, phone, name, discount, balance) VALUES ('111',null,'+7 778 269 8819','Азамат Американо средний',0, 0);
INSERT INTO public.users(id, device_id, phone, name, discount, balance) VALUES ('112',null,'+7 778 269 8819','Азамат Американо средний',0, 0);
INSERT INTO public.users(id, device_id, phone, name, discount, balance) VALUES ('113',null,'+7 778 269 8819','Азамат Американо средний',0, 0);
INSERT INTO public.users(id, device_id, phone, name, discount, balance) VALUES ('114',null,'+7 778 739 9010','Азиз  ',0, 0);
INSERT INTO public.users(id, device_id, phone, name, discount, balance) VALUES ('115',null,'+7 771 883 2727','Аида  ',0, 0);
INSERT INTO public.users(id, device_id, phone, name, discount, balance) VALUES ('116',null,'+7 700 270 6465','Айган  ',0, 0);
INSERT INTO public.users(id, device_id, phone, name, discount, balance) VALUES ('117',null,'+7 708 908 0615','Айгерим  ',0, 0);
INSERT INTO public.users(id, device_id, phone, name, discount, balance) VALUES ('118',null,'+7 708 908 0615','Айгерим  ',0, 0);
INSERT INTO public.users(id, device_id, phone, name, discount, balance) VALUES ('119',null,'+7 708 908 0615','Айгерим  ',0, 0);
INSERT INTO public.users(id, device_id, phone, name, discount, balance) VALUES ('120',null,'+7 702 613 7333','Айгерим  ',0, 0);
INSERT INTO public.users(id, device_id, phone, name, discount, balance) VALUES ('121',null,'+7 701 377 2721','Айгуль  ',0, 0);
INSERT INTO public.users(id, device_id, phone, name, discount, balance) VALUES ('122',null,'+7 701 566 5000','Айгуль  ',0, 0);
INSERT INTO public.users(id, device_id, phone, name, discount, balance) VALUES ('123',null,'+7 701 778 2233','Айжан  ',0, 0);
INSERT INTO public.users(id, device_id, phone, name, discount, balance) VALUES ('124',null,'+7 708 888 8925','Айкын  ',0, 0);
INSERT INTO public.users(id, device_id, phone, name, discount, balance) VALUES ('125',null,'+7 708 888 8925','Айкын  ',0, 0);
INSERT INTO public.users(id, device_id, phone, name, discount, balance) VALUES ('126',null,'+7 702 294 0084','Айнаш  ',0, 0);
INSERT INTO public.users(id, device_id, phone, name, discount, balance) VALUES ('127',null,'+7 771 225 5333','Айнур  ',0, 0);
INSERT INTO public.users(id, device_id, phone, name, discount, balance) VALUES ('128',null,'+7 702 222 3010','Акжан Госпожа Куата',0, 0);
INSERT INTO public.users(id, device_id, phone, name, discount, balance) VALUES ('129',null,'+7 778 534 1264','Акмарал  ',0, 0);
INSERT INTO public.users(id, device_id, phone, name, discount, balance) VALUES ('130',null,'+7 778 534 1264','Акмарал  ',0, 0);
INSERT INTO public.users(id, device_id, phone, name, discount, balance) VALUES ('131',null,'+7 701 111 7053','Акмарал-Адиль  ',0, 0);
INSERT INTO public.users(id, device_id, phone, name, discount, balance) VALUES ('132',null,'+7 700 721 0400','Актолкын  ',0, 0);
INSERT INTO public.users(id, device_id, phone, name, discount, balance) VALUES ('133',null,'+7 707 900 7000','Александр  ',0, 0);
INSERT INTO public.users(id, device_id, phone, name, discount, balance) VALUES ('134',null,'+7 707 900 7000','Александр  ',0, 0);
INSERT INTO public.users(id, device_id, phone, name, discount, balance) VALUES ('135',null,'+7 700 428 8416','Алексей  ',0, 0);
INSERT INTO public.users(id, device_id, phone, name, discount, balance) VALUES ('136',null,'+7 700 428 8416','Алексей  ',0, 0);
INSERT INTO public.users(id, device_id, phone, name, discount, balance) VALUES ('137',null,'+7 700 428 8416','Алексей  ',0, 0);
INSERT INTO public.users(id, device_id, phone, name, discount, balance) VALUES ('138',null,'+7 701 744 1915','Ален  ',0, 0);
INSERT INTO public.users(id, device_id, phone, name, discount, balance) VALUES ('139',null,'+7 701 744 1915','Ален  ',0, 0);
INSERT INTO public.users(id, device_id, phone, name, discount, balance) VALUES ('140',null,'+7 701 641 1808','Алена Криворучка ',0, 0);
INSERT INTO public.users(id, device_id, phone, name, discount, balance) VALUES ('141',null,'+7 777 811 7119','Алибекова Аяулым ',0, 0);
INSERT INTO public.users(id, device_id, phone, name, discount, balance) VALUES ('142',null,'+7 705 555 3220','Алиби  ',0, 0);
INSERT INTO public.users(id, device_id, phone, name, discount, balance) VALUES ('143',null,'+7 707 111 5509','Алия  ',0, 0);
INSERT INTO public.users(id, device_id, phone, name, discount, balance) VALUES ('144',null,'+7 707 700 7897','Алмагуль  ',0, 0);
INSERT INTO public.users(id, device_id, phone, name, discount, balance) VALUES ('145',null,'+7 707 700 7897','Алмагуль  ',0, 0);
INSERT INTO public.users(id, device_id, phone, name, discount, balance) VALUES ('146',null,'+7 707 392 4262','Алтай  ',0, 0);
INSERT INTO public.users(id, device_id, phone, name, discount, balance) VALUES ('147',null,'+7 702 602 0000','Амина Аманова ',0, 0);
INSERT INTO public.users(id, device_id, phone, name, discount, balance) VALUES ('148',null,'+7 747 621 0301','Амина Б.Т ',0, 0);
INSERT INTO public.users(id, device_id, phone, name, discount, balance) VALUES ('149',null,'+7 747 621 0301','Амина Б.Т ',0, 0);
INSERT INTO public.users(id, device_id, phone, name, discount, balance) VALUES ('150',null,'+7 705 298 8787','Арай Абамуслим ',0, 0);
INSERT INTO public.users(id, device_id, phone, name, discount, balance) VALUES ('151',null,'+7 705 298 8787','Арай Абамуслим ',0, 0);
INSERT INTO public.users(id, device_id, phone, name, discount, balance) VALUES ('152',null,'+7 705 298 8787','Арай Абамуслим ',0, 0);
INSERT INTO public.users(id, device_id, phone, name, discount, balance) VALUES ('153',null,'+7 778 104 2959','Арман Ашимов ',0, 0);
INSERT INTO public.users(id, device_id, phone, name, discount, balance) VALUES ('154',null,'+7 705 999 0200','Арсен  ',0, 0);
INSERT INTO public.users(id, device_id, phone, name, discount, balance) VALUES ('155',null,'+7 705 999 0200','Арсен  ',0, 0);
INSERT INTO public.users(id, device_id, phone, name, discount, balance) VALUES ('156',null,'+7 705 555 0356','Аружан капуч ',0, 0);
INSERT INTO public.users(id, device_id, phone, name, discount, balance) VALUES ('157',null,'+7 700 248 9636','Арын  ',0, 0);
INSERT INTO public.users(id, device_id, phone, name, discount, balance) VALUES ('158',null,'+7 777 228 1047','Асель  ',0, 0);
INSERT INTO public.users(id, device_id, phone, name, discount, balance) VALUES ('159',null,'+7 747 976 4352','Асель  ',0, 0);
INSERT INTO public.users(id, device_id, phone, name, discount, balance) VALUES ('160',null,'+7 701 770 2737','Асель  ',0, 0);
INSERT INTO public.users(id, device_id, phone, name, discount, balance) VALUES ('161',null,'+7 701 888 0762','Асель  ',0, 0);
INSERT INTO public.users(id, device_id, phone, name, discount, balance) VALUES ('162',null,'+7 701 881 2801','Асель  ',0, 0);
INSERT INTO public.users(id, device_id, phone, name, discount, balance) VALUES ('163',null,'+7 705 160 2529','Аскат  ',0, 0);
INSERT INTO public.users(id, device_id, phone, name, discount, balance) VALUES ('164',null,'+7 705 160 2529','Аскат  ',0, 0);
INSERT INTO public.users(id, device_id, phone, name, discount, balance) VALUES ('165',null,'+7 701 227 2210','Аслан Тыныштыкбаев ',0, 0);
INSERT INTO public.users(id, device_id, phone, name, discount, balance) VALUES ('166',null,'+7 701 227 2210','Аслан Тыныштыкбаев ',0, 0);
INSERT INTO public.users(id, device_id, phone, name, discount, balance) VALUES ('167',null,'+7 775 353 3352','Асылжан  ',0, 0);
INSERT INTO public.users(id, device_id, phone, name, discount, balance) VALUES ('168',null,'+7 775 353 3352','Асылжан  ',0, 0);
INSERT INTO public.users(id, device_id, phone, name, discount, balance) VALUES ('169',null,'+7 701 100 7000','Балгинбаева Айгерим ',0, 0);
INSERT INTO public.users(id, device_id, phone, name, discount, balance) VALUES ('170',null,'+7 702 422 2111','Балжан латте ',0, 0);
INSERT INTO public.users(id, device_id, phone, name, discount, balance) VALUES ('171',null,'+7 705 117 0404','Балнур  ',0, 0);
INSERT INTO public.users(id, device_id, phone, name, discount, balance) VALUES ('172',null,'+7 705 117 0404','Балнур  ',0, 0);
INSERT INTO public.users(id, device_id, phone, name, discount, balance) VALUES ('173',null,'+7 775 545 1411','Бахтияр Егимбаев ',0, 0);
INSERT INTO public.users(id, device_id, phone, name, discount, balance) VALUES ('174',null,'+7 776 555 7555','Бахыт Пирметов ',0, 0);
INSERT INTO public.users(id, device_id, phone, name, discount, balance) VALUES ('175',null,'+7 702 940 3255','Баян  ',0, 0);
INSERT INTO public.users(id, device_id, phone, name, discount, balance) VALUES ('176',null,'+7 701 070 3366','Бекет  ',0, 0);
INSERT INTO public.users(id, device_id, phone, name, discount, balance) VALUES ('177',null,'+7 775 942 4598','Бекзат  ',0, 0);
INSERT INTO public.users(id, device_id, phone, name, discount, balance) VALUES ('178',null,'+7 702 543 1401','Бекнур  ',0, 0);
INSERT INTO public.users(id, device_id, phone, name, discount, balance) VALUES ('179',null,'+7 700 111 1009','Гали  ',0, 0);
INSERT INTO public.users(id, device_id, phone, name, discount, balance) VALUES ('180',null,'+7 707 848 5825','Гаухар Турдалена ',0, 0);
INSERT INTO public.users(id, device_id, phone, name, discount, balance) VALUES ('181',null,'+7 775 912 6404','Глеб  ',0, 0);
INSERT INTO public.users(id, device_id, phone, name, discount, balance) VALUES ('182',null,'+7 701 705 5054','Гульмира  ',0, 0);
INSERT INTO public.users(id, device_id, phone, name, discount, balance) VALUES ('183',null,'+7 701 765 6569','Гульнара  ',0, 0);
INSERT INTO public.users(id, device_id, phone, name, discount, balance) VALUES ('184',null,'+7 701 552 2444','Гульнура  ',0, 0);
INSERT INTO public.users(id, device_id, phone, name, discount, balance) VALUES ('185',null,'+7 708 204 9880','Дана Идрисова ',0, 0);
INSERT INTO public.users(id, device_id, phone, name, discount, balance) VALUES ('186',null,'+7 708 999 9090','Даурен  ',0, 0);
INSERT INTO public.users(id, device_id, phone, name, discount, balance) VALUES ('187',null,'+7 701 345 8539','Диана Раф ',0, 0);
INSERT INTO public.users(id, device_id, phone, name, discount, balance) VALUES ('188',null,'+7 701 345 8539','Диана Раф ',0, 0);
INSERT INTO public.users(id, device_id, phone, name, discount, balance) VALUES ('189',null,'+7 776 117 5555','Диас  ',0, 0);
INSERT INTO public.users(id, device_id, phone, name, discount, balance) VALUES ('190',null,'+7 700 070 0777','Диас  ',0, 0);
INSERT INTO public.users(id, device_id, phone, name, discount, balance) VALUES ('191',null,'+7 701 523 1900','Дина  ',0, 0);
INSERT INTO public.users(id, device_id, phone, name, discount, balance) VALUES ('192',null,'+7 701 770 0107','Динара  ',0, 0);
INSERT INTO public.users(id, device_id, phone, name, discount, balance) VALUES ('193',null,'+7 701 770 0107','Динара  ',0, 0);
INSERT INTO public.users(id, device_id, phone, name, discount, balance) VALUES ('194',null,'+7 701 770 0107','Динара  ',0, 0);
INSERT INTO public.users(id, device_id, phone, name, discount, balance) VALUES ('195',null,'+7 707 729 4977','Динара  ',0, 0);
INSERT INTO public.users(id, device_id, phone, name, discount, balance) VALUES ('196',null,'+7 707 729 4977','Динара  ',0, 0);
INSERT INTO public.users(id, device_id, phone, name, discount, balance) VALUES ('197',null,'+7 707 128 5319','Динара  ',0, 0);
INSERT INTO public.users(id, device_id, phone, name, discount, balance) VALUES ('198',null,'+7 705 707 8899','Динара латте ',0, 0);
INSERT INTO public.users(id, device_id, phone, name, discount, balance) VALUES ('199',null,'+7 915 218-99-22','Дмитрий  ',0, 0);
INSERT INTO public.users(id, device_id, phone, name, discount, balance) VALUES ('200',null,'+7 701 125 4410','Душинская Юлия Александровна',0, 0);
INSERT INTO public.users(id, device_id, phone, name, discount, balance) VALUES ('201',null,'+7 778 334 8326','Едиге  ',0, 0);
INSERT INTO public.users(id, device_id, phone, name, discount, balance) VALUES ('202',null,'+7 701 720 7470','Елена  ',0, 0);
INSERT INTO public.users(id, device_id, phone, name, discount, balance) VALUES ('203',null,'+7 701 720 7470','Елена  ',0, 0);
INSERT INTO public.users(id, device_id, phone, name, discount, balance) VALUES ('204',null,'+7 701 999 1494','Ергазы  ',0, 0);
INSERT INTO public.users(id, device_id, phone, name, discount, balance) VALUES ('205',null,'+7 702 351 2222','Ерлан  ',0, 0);
INSERT INTO public.users(id, device_id, phone, name, discount, balance) VALUES ('206',null,'+7 776 282 5883','Ефремова Ирина ',0, 0);
INSERT INTO public.users(id, device_id, phone, name, discount, balance) VALUES ('207',null,'+7 701 600 0687','Жайшылык Азамат ',0, 0);
INSERT INTO public.users(id, device_id, phone, name, discount, balance) VALUES ('208',null,'+7 701 600 0687','Жайшылык Азамат ',0, 0);
INSERT INTO public.users(id, device_id, phone, name, discount, balance) VALUES ('209',null,'+7 778 010 2080','Жангельды  ',0, 0);
INSERT INTO public.users(id, device_id, phone, name, discount, balance) VALUES ('210',null,'+7 778 010 2080','Жангельды  ',0, 0);
INSERT INTO public.users(id, device_id, phone, name, discount, balance) VALUES ('211',null,'+7 777 473 1444','Жандос 10% ',0, 0);
INSERT INTO public.users(id, device_id, phone, name, discount, balance) VALUES ('212',null,'+7 777 473 1444','Жандос 10% ',0, 0);
INSERT INTO public.users(id, device_id, phone, name, discount, balance) VALUES ('213',null,'+7 702 652 0010','Жанибек Эспрессо ',0, 0);
INSERT INTO public.users(id, device_id, phone, name, discount, balance) VALUES ('214',null,'+7 701 544 1100','Жанузаков Данияр ',0, 0);
INSERT INTO public.users(id, device_id, phone, name, discount, balance) VALUES ('215',null,'+7 701 544 1100','Жанузаков Данияр ',0, 0);
INSERT INTO public.users(id, device_id, phone, name, discount, balance) VALUES ('216',null,'+7 701 544 1100','Жанузаков Данияр ',0, 0);
INSERT INTO public.users(id, device_id, phone, name, discount, balance) VALUES ('217',null,'+7 701 599 7282','Женис  ',0, 0);
INSERT INTO public.users(id, device_id, phone, name, discount, balance) VALUES ('218',null,'+7 701 599 7282','Женис  ',0, 0);
INSERT INTO public.users(id, device_id, phone, name, discount, balance) VALUES ('219',null,'+7 775 457 5715','Жолдыз  ',0, 0);
INSERT INTO public.users(id, device_id, phone, name, discount, balance) VALUES ('220',null,'+7 775 457 5715','Жолдыз  ',0, 0);
INSERT INTO public.users(id, device_id, phone, name, discount, balance) VALUES ('221',null,'+7 775 457 5715','Жолдыз  ',0, 0);
INSERT INTO public.users(id, device_id, phone, name, discount, balance) VALUES ('222',null,'+7 701 222 1168','Загыпар Айдар ',0, 0);
INSERT INTO public.users(id, device_id, phone, name, discount, balance) VALUES ('223',null,'+7 701 100 2226','Залихан  ',0, 0);
INSERT INTO public.users(id, device_id, phone, name, discount, balance) VALUES ('224',null,'+7 701 462 3995','Зоя  ',0, 0);
INSERT INTO public.users(id, device_id, phone, name, discount, balance) VALUES ('225',null,'+7 701 462 3995','Зоя  ',0, 0);
INSERT INTO public.users(id, device_id, phone, name, discount, balance) VALUES ('226',null,'+7 705 421 4400','Иван Латте аопкорн',0, 0);
INSERT INTO public.users(id, device_id, phone, name, discount, balance) VALUES ('227',null,'+7 701 256 2113','Игорь  ',0, 0);
INSERT INTO public.users(id, device_id, phone, name, discount, balance) VALUES ('228',null,'+7 775 222 2520','Индира  ',0, 0);
INSERT INTO public.users(id, device_id, phone, name, discount, balance) VALUES ('229',null,'+7 747 457 4567','Инкар капучино ',0, 0);
INSERT INTO public.users(id, device_id, phone, name, discount, balance) VALUES ('230',null,'+7 777 036 6061','Итчанова Алия ',0, 0);
INSERT INTO public.users(id, device_id, phone, name, discount, balance) VALUES ('231',null,'+7 777 036 6061','Итчанова Алия ',0, 0);
INSERT INTO public.users(id, device_id, phone, name, discount, balance) VALUES ('232',null,'+7 777 036 6061','Итчанова Алия ',0, 0);
INSERT INTO public.users(id, device_id, phone, name, discount, balance) VALUES ('233',null,'+7 708 598 6308','Кадылов Болат ',0, 0);
INSERT INTO public.users(id, device_id, phone, name, discount, balance) VALUES ('234',null,'+7 708 598 6308','Кадылов Болат ',0, 0);
INSERT INTO public.users(id, device_id, phone, name, discount, balance) VALUES ('235',null,'+7 777 110 3121','Кайрат американо ',0, 0);
INSERT INTO public.users(id, device_id, phone, name, discount, balance) VALUES ('236',null,'+7 777 110 3121','Кайрат американо ',0, 0);
INSERT INTO public.users(id, device_id, phone, name, discount, balance) VALUES ('237',null,'+7 777 110 3121','Кайрат американо ',0, 0);
INSERT INTO public.users(id, device_id, phone, name, discount, balance) VALUES ('238',null,'+7 702 643 0084','Камила  ',0, 0);
INSERT INTO public.users(id, device_id, phone, name, discount, balance) VALUES ('239',null,'+7 705 904 3563','Камшат капучино с овсяным',0, 0);
INSERT INTO public.users(id, device_id, phone, name, discount, balance) VALUES ('240',null,'+7 705 904 3563','Камшат капучино с овсяным',0, 0);
INSERT INTO public.users(id, device_id, phone, name, discount, balance) VALUES ('241',null,'+7 701 528 0134','Канат  ',0, 0);
INSERT INTO public.users(id, device_id, phone, name, discount, balance) VALUES ('242',null,'+7 701 099 6687','Канат  ',0, 0);
INSERT INTO public.users(id, device_id, phone, name, discount, balance) VALUES ('243',null,'+7 701 099 6687','Канат  ',0, 0);
INSERT INTO public.users(id, device_id, phone, name, discount, balance) VALUES ('244',null,'+7 777 649 9954','Карима  ',0, 0);
INSERT INTO public.users(id, device_id, phone, name, discount, balance) VALUES ('245',null,'+7 777 777 7776','Карима Мусина ',0, 0);
INSERT INTO public.users(id, device_id, phone, name, discount, balance) VALUES ('246',null,'+7 777 777 7776','Карима Мусина ',0, 0);
INSERT INTO public.users(id, device_id, phone, name, discount, balance) VALUES ('247',null,'+7 702 199 9050','Карина латте ',0, 0);
INSERT INTO public.users(id, device_id, phone, name, discount, balance) VALUES ('248',null,'+7 702 199 9050','Карина латте ',0, 0);
INSERT INTO public.users(id, device_id, phone, name, discount, balance) VALUES ('249',null,'+7 701 615 1111','Карина Сейдазым ',0, 0);
INSERT INTO public.users(id, device_id, phone, name, discount, balance) VALUES ('250',null,'+7 701 615 1111','Карина Сейдазым ',0, 0);
INSERT INTO public.users(id, device_id, phone, name, discount, balance) VALUES ('251',null,'+7 777 308 2484','Карлыгаш  ',0, 0);
INSERT INTO public.users(id, device_id, phone, name, discount, balance) VALUES ('252',null,'+7 701 726 6277','Катя  ',0, 0);
INSERT INTO public.users(id, device_id, phone, name, discount, balance) VALUES ('253',null,'+7 747 555 2211','Кофеман  ',0, 0);
INSERT INTO public.users(id, device_id, phone, name, discount, balance) VALUES ('254',null,'+7 747 555 2211','Кофеман  ',0, 0);
INSERT INTO public.users(id, device_id, phone, name, discount, balance) VALUES ('255',null,'+7 701 515 0105','Куаныш  ',0, 0);
INSERT INTO public.users(id, device_id, phone, name, discount, balance) VALUES ('256',null,'+7 701 979 8989','Куаныш Канапьянов ',0, 0);
INSERT INTO public.users(id, device_id, phone, name, discount, balance) VALUES ('257',null,'+7 701 979 8989','Куаныш Канапьянов ',0, 0);
INSERT INTO public.users(id, device_id, phone, name, discount, balance) VALUES ('258',null,'+7 701 518 0020','Кунай  ',0, 0);
INSERT INTO public.users(id, device_id, phone, name, discount, balance) VALUES ('259',null,'+7 775 976 0030','Кымбат  ',0, 0);
INSERT INTO public.users(id, device_id, phone, name, discount, balance) VALUES ('260',null,'+7 775 444 9114','Лейла  ',0, 0);
INSERT INTO public.users(id, device_id, phone, name, discount, balance) VALUES ('261',null,'+7 705 566 0466','Ли Александра ',0, 0);
INSERT INTO public.users(id, device_id, phone, name, discount, balance) VALUES ('262',null,'+7 747 703 6469','Лицо зебры ',0, 0);
INSERT INTO public.users(id, device_id, phone, name, discount, balance) VALUES ('263',null,'+7 707 143 1863','Лолита  ',0, 0);
INSERT INTO public.users(id, device_id, phone, name, discount, balance) VALUES ('264',null,'+7 747 596 0695','Магамед  ',0, 0);
INSERT INTO public.users(id, device_id, phone, name, discount, balance) VALUES ('265',null,'+7 701 980 4006','Мади америка 4 шота',0, 0);
INSERT INTO public.users(id, device_id, phone, name, discount, balance) VALUES ('266',null,'+7 702 209 0674','МАДИ ГОСТЬ ',0, 0);
INSERT INTO public.users(id, device_id, phone, name, discount, balance) VALUES ('267',null,'+7 771 085 4622','Мадина  ',0, 0);
INSERT INTO public.users(id, device_id, phone, name, discount, balance) VALUES ('268',null,'+7 771 085 4622','Мадина  ',0, 0);
INSERT INTO public.users(id, device_id, phone, name, discount, balance) VALUES ('269',null,'+7 747 802 9919','Мадина  ',0, 0);
INSERT INTO public.users(id, device_id, phone, name, discount, balance) VALUES ('270',null,'+7 747 111 0208','Мадина Ералина ',0, 0);
INSERT INTO public.users(id, device_id, phone, name, discount, balance) VALUES ('271',null,'+7 701 500 0091','Малик  ',0, 0);
INSERT INTO public.users(id, device_id, phone, name, discount, balance) VALUES ('272',null,'+7 701 511 0459','Марал  ',0, 0);
INSERT INTO public.users(id, device_id, phone, name, discount, balance) VALUES ('273',null,'+7 701 511 0459','Марал  ',0, 0);
INSERT INTO public.users(id, device_id, phone, name, discount, balance) VALUES ('274',null,'+7 777 255 7009','Марат Каппучино ',0, 0);
INSERT INTO public.users(id, device_id, phone, name, discount, balance) VALUES ('275',null,'+7 702 999 4051','Марина Алексеевна ',0, 0);
INSERT INTO public.users(id, device_id, phone, name, discount, balance) VALUES ('276',null,'+7 701 828 5253','Медет  ',0, 0);
INSERT INTO public.users(id, device_id, phone, name, discount, balance) VALUES ('277',null,'+7 701 828 5253','Медет  ',0, 0);
INSERT INTO public.users(id, device_id, phone, name, discount, balance) VALUES ('278',null,'+7 707 938 8801','Меруерт  ',0, 0);
INSERT INTO public.users(id, device_id, phone, name, discount, balance) VALUES ('279',null,'+7 707 938 8801','Меруерт  ',0, 0);
INSERT INTO public.users(id, device_id, phone, name, discount, balance) VALUES ('280',null,'+7 771 244 7012','Меруерт,Нариман  ',0, 0);
INSERT INTO public.users(id, device_id, phone, name, discount, balance) VALUES ('281',null,'+7 771 244 7012','Меруерт,Нариман  ',0, 0);
INSERT INTO public.users(id, device_id, phone, name, discount, balance) VALUES ('282',null,'+7 701 655 6688','Мироненко Андрей ',0, 0);
INSERT INTO public.users(id, device_id, phone, name, discount, balance) VALUES ('283',null,'+7 701 719 3556','Михаил  ',0, 0);
INSERT INTO public.users(id, device_id, phone, name, discount, balance) VALUES ('284',null,'+7 775 600 9558','Молдир  ',0, 0);
INSERT INTO public.users(id, device_id, phone, name, discount, balance) VALUES ('285',null,'+7 775 600 9558','Молдир  ',0, 0);
INSERT INTO public.users(id, device_id, phone, name, discount, balance) VALUES ('286',null,'+7 775 600 9558','Молдир  ',0, 0);
INSERT INTO public.users(id, device_id, phone, name, discount, balance) VALUES ('287',null,'+7 702 710 1636','Мольдир  ',0, 0);
INSERT INTO public.users(id, device_id, phone, name, discount, balance) VALUES ('288',null,'+7 701 191 1671','Назгуль  ',0, 0);
INSERT INTO public.users(id, device_id, phone, name, discount, balance) VALUES ('289',null,'+7 701 191 1671','Назгуль  ',0, 0);
INSERT INTO public.users(id, device_id, phone, name, discount, balance) VALUES ('290',null,'+7 747 379 4542','Неля  ',0, 0);
INSERT INTO public.users(id, device_id, phone, name, discount, balance) VALUES ('291',null,'+7 747 379 4542','Неля  ',0, 0);
INSERT INTO public.users(id, device_id, phone, name, discount, balance) VALUES ('292',null,'+7 747 379 4542','Неля  ',0, 0);
INSERT INTO public.users(id, device_id, phone, name, discount, balance) VALUES ('293',null,'+7 701 422 2266','Никита  ',0, 0);
INSERT INTO public.users(id, device_id, phone, name, discount, balance) VALUES ('294',null,'+7 775 319 2101','Николаенко  ',0, 0);
INSERT INTO public.users(id, device_id, phone, name, discount, balance) VALUES ('295',null,'+7 775 319 2101','Николаенко  ',0, 0);
INSERT INTO public.users(id, device_id, phone, name, discount, balance) VALUES ('296',null,'+7 775 319 2101','Николаенко  ',0, 0);
INSERT INTO public.users(id, device_id, phone, name, discount, balance) VALUES ('297',null,'+7 771 101 7199','Нурай  ',0, 0);
INSERT INTO public.users(id, device_id, phone, name, discount, balance) VALUES ('298',null,'+7 771 222 2551','Нурбол Сембеков ',0, 0);
INSERT INTO public.users(id, device_id, phone, name, discount, balance) VALUES ('299',null,'+7 700 280 5630','Нургали  ',0, 0);
INSERT INTO public.users(id, device_id, phone, name, discount, balance) VALUES ('300',null,'+7 708 143 9643','Нурдаулет  ',0, 0);
INSERT INTO public.users(id, device_id, phone, name, discount, balance) VALUES ('301',null,'+7 778 962 3015','нурлан америкос ',0, 0);
INSERT INTO public.users(id, device_id, phone, name, discount, balance) VALUES ('302',null,'+7 778 888 0002','Нурмухамедова Зарина ',0, 0);
INSERT INTO public.users(id, device_id, phone, name, discount, balance) VALUES ('303',null,'+7 778 888 0002','Нурмухамедова Зарина ',0, 0);
INSERT INTO public.users(id, device_id, phone, name, discount, balance) VALUES ('304',null,'+7 701 396 3323','Оскар  ',0, 0);
INSERT INTO public.users(id, device_id, phone, name, discount, balance) VALUES ('305',null,'+7 778 111 6650','Пак Алёна ',0, 0);
INSERT INTO public.users(id, device_id, phone, name, discount, balance) VALUES ('306',null,'+7 777 538 3723','Рима йога ',0, 0);
INSERT INTO public.users(id, device_id, phone, name, discount, balance) VALUES ('307',null,'+7 702 348 4142','Роман  ',0, 0);
INSERT INTO public.users(id, device_id, phone, name, discount, balance) VALUES ('308',null,'+7 702 829 6929','Руслан  ',0, 0);
INSERT INTO public.users(id, device_id, phone, name, discount, balance) VALUES ('309',null,'+7 747 413 1730','Руслан американо ',0, 0);
INSERT INTO public.users(id, device_id, phone, name, discount, balance) VALUES ('310',null,'+7 701 925 0555','Рустам  ',0, 0);
INSERT INTO public.users(id, device_id, phone, name, discount, balance) VALUES ('311',null,'+7 701 925 0555','Рустам  ',0, 0);
INSERT INTO public.users(id, device_id, phone, name, discount, balance) VALUES ('312',null,'+7 701 925 0555','Рустам  ',0, 0);
INSERT INTO public.users(id, device_id, phone, name, discount, balance) VALUES ('313',null,'+7 775 621 0352','Рустем  ',0, 0);
INSERT INTO public.users(id, device_id, phone, name, discount, balance) VALUES ('314',null,'+7 705 327 8535','Самал  ',0, 0);
INSERT INTO public.users(id, device_id, phone, name, discount, balance) VALUES ('315',null,'+7 747 026 7099','Самгат  ',0, 0);
INSERT INTO public.users(id, device_id, phone, name, discount, balance) VALUES ('316',null,'+7 702 224 6191','Сановская Наталия ',0, 0);
INSERT INTO public.users(id, device_id, phone, name, discount, balance) VALUES ('317',null,'+7 701 625 6878','Сергей  ',0, 0);
INSERT INTO public.users(id, device_id, phone, name, discount, balance) VALUES ('318',null,'+7 702 857 1057','Серикжан  ',0, 0);
INSERT INTO public.users(id, device_id, phone, name, discount, balance) VALUES ('319',null,'+7 702 857 1057','Серикжан  ',0, 0);
INSERT INTO public.users(id, device_id, phone, name, discount, balance) VALUES ('320',null,'+7 702 857 1057','Серикжан  ',0, 0);
INSERT INTO public.users(id, device_id, phone, name, discount, balance) VALUES ('321',null,'+7 775 127 5626','Смагулова Дамиля ',0, 0);
INSERT INTO public.users(id, device_id, phone, name, discount, balance) VALUES ('322',null,'+7 775 127 5626','Смагулова Дамиля ',0, 0);
INSERT INTO public.users(id, device_id, phone, name, discount, balance) VALUES ('323',null,'+7 701 924 6434','Степан  ',0, 0);
INSERT INTO public.users(id, device_id, phone, name, discount, balance) VALUES ('324',null,'+7 701 074 0808','Сюзанна Пак ',0, 0);
INSERT INTO public.users(id, device_id, phone, name, discount, balance) VALUES ('325',null,'+7 777 811 1858','Та самая Айша',0, 0);
INSERT INTO public.users(id, device_id, phone, name, discount, balance) VALUES ('326',null,'+7 777 811 1858','Та самая Айша',0, 0);
INSERT INTO public.users(id, device_id, phone, name, discount, balance) VALUES ('327',null,'+7 701 555 0708','Тамара  ',0, 0);
INSERT INTO public.users(id, device_id, phone, name, discount, balance) VALUES ('328',null,'+7 702 329 9779','Тамерлан Б. ',0, 0);
INSERT INTO public.users(id, device_id, phone, name, discount, balance) VALUES ('329',null,'+7 702 329 9779','Тамерлан Б. ',0, 0);
INSERT INTO public.users(id, device_id, phone, name, discount, balance) VALUES ('330',null,'+7 702 299 4747','Татьяна  ',0, 0);
INSERT INTO public.users(id, device_id, phone, name, discount, balance) VALUES ('331',null,'+7 771 369 7684','Тлеубаева Алла ',0, 0);
INSERT INTO public.users(id, device_id, phone, name, discount, balance) VALUES ('332',null,'+7 705 115 1260','Толеген  ',0, 0);
INSERT INTO public.users(id, device_id, phone, name, discount, balance) VALUES ('333',null,'+7 705 115 1260','Толеген  ',0, 0);
INSERT INTO public.users(id, device_id, phone, name, discount, balance) VALUES ('334',null,'+7 705 115 1260','Толеген  ',0, 0);
INSERT INTO public.users(id, device_id, phone, name, discount, balance) VALUES ('335',null,'+7 702 308 0839','Фарафонтова Софья ',0, 0);
INSERT INTO public.users(id, device_id, phone, name, discount, balance) VALUES ('336',null,'+7 707 555 9077','Хамзе Арнау ',0, 0);
INSERT INTO public.users(id, device_id, phone, name, discount, balance) VALUES ('337',null,'+7 701 888 2041','Шайноза  ',0, 0);
INSERT INTO public.users(id, device_id, phone, name, discount, balance) VALUES ('338',null,'+7 701 888 2041','Шайноза  ',0, 0);
INSERT INTO public.users(id, device_id, phone, name, discount, balance) VALUES ('339',null,'+7 701 888 2041','Шайноза  ',0, 0);
INSERT INTO public.users(id, device_id, phone, name, discount, balance) VALUES ('340',null,'+7 705 888 8658','Шынар  ',0, 0);
INSERT INTO public.users(id, device_id, phone, name, discount, balance) VALUES ('341',null,'+7 702 802 6069','Эльдар Айтпаев ',0, 0);
INSERT INTO public.users(id, device_id, phone, name, discount, balance) VALUES ('342',null,'+7 702 802 6069','Эльдар Айтпаев ',0, 0);
INSERT INTO public.users(id, device_id, phone, name, discount, balance) VALUES ('343',null,'+7 702 802 6069','Эльдар Айтпаев ',0, 0);
INSERT INTO public.users(id, device_id, phone, name, discount, balance) VALUES ('344',null,'+7 701 817 9995','Эрик  ',0, 0);
INSERT INTO public.users(id, device_id, phone, name, discount, balance) VALUES ('345',null,'+7 701 817 9995','Эрик  ',0, 0);
INSERT INTO public.users(id, device_id, phone, name, discount, balance) VALUES ('346',null,'+7 701 648 2352','Юлия  ',0, 0);

INSERT INTO sklads VALUES(DEFAULT,'Азия Парк', 'Азия Парк');

INSERT INTO dealers VALUES(DEFAULT,'Кофе зерна', 'Петрова4', '7753353333', '-');

INSERT INTO sklad_tovars VALUES(1, 1, 0, 0);
INSERT INTO sklad_tovars VALUES(1, 2, 0, 0);
INSERT INTO sklad_tovars VALUES(1, 3, 0, 0);
INSERT INTO sklad_tovars VALUES(1, 4, 0, 0);
INSERT INTO sklad_tovars VALUES(1, 5, 0, 0);
INSERT INTO sklad_tovars VALUES(1, 6, 0, 0);
INSERT INTO sklad_tovars VALUES(1, 7, 0, 0);
INSERT INTO sklad_tovars VALUES(1, 8, 0, 0);
INSERT INTO sklad_tovars VALUES(1, 9, 0, 0);
INSERT INTO sklad_tovars VALUES(1, 10, 0, 0);
INSERT INTO sklad_tovars VALUES(1, 11, 0, 0);
INSERT INTO sklad_tovars VALUES(1, 12, 0, 0);
INSERT INTO sklad_tovars VALUES(1, 13, 0, 0);
INSERT INTO sklad_tovars VALUES(1, 14, 0, 0);
INSERT INTO sklad_tovars VALUES(1, 15, 0, 0);
INSERT INTO sklad_tovars VALUES(1, 16, 0, 0);
INSERT INTO sklad_tovars VALUES(1, 17, 0, 0);
INSERT INTO sklad_tovars VALUES(1, 18, 0, 0);
INSERT INTO sklad_tovars VALUES(1, 19, 0, 0);
INSERT INTO sklad_tovars VALUES(1, 20, 0, 0);
INSERT INTO sklad_tovars VALUES(1, 21, 0, 0);
INSERT INTO sklad_tovars VALUES(1, 22, 0, 0);
INSERT INTO sklad_tovars VALUES(1, 23, 0, 0);
INSERT INTO sklad_tovars VALUES(1, 24, 0, 0);
INSERT INTO sklad_tovars VALUES(1, 25, 0, 0);
INSERT INTO sklad_tovars VALUES(1, 26, 0, 0);
INSERT INTO sklad_tovars VALUES(1, 27, 0, 0);
INSERT INTO sklad_tovars VALUES(1, 28, 0, 0);
INSERT INTO sklad_tovars VALUES(1, 29, 0, 0);
INSERT INTO sklad_tovars VALUES(1, 30, 0, 0);
INSERT INTO sklad_tovars VALUES(1, 31, 0, 0);
INSERT INTO sklad_tovars VALUES(1, 32, 0, 0);
INSERT INTO sklad_tovars VALUES(1, 33, 0, 0);
INSERT INTO sklad_tovars VALUES(1, 34, 0, 0);
INSERT INTO sklad_tovars VALUES(1, 35, 0, 0);
INSERT INTO sklad_tovars VALUES(1, 36, 0, 0);
INSERT INTO sklad_tovars VALUES(1, 37, 0, 0);
INSERT INTO sklad_tovars VALUES(1, 38, 0, 0);
INSERT INTO sklad_tovars VALUES(1, 39, 0, 0);
INSERT INTO sklad_tovars VALUES(1, 40, 0, 0);
INSERT INTO sklad_tovars VALUES(1, 41, 0, 0);
INSERT INTO sklad_tovars VALUES(1, 42, 0, 0);
INSERT INTO sklad_tovars VALUES(1, 43, 0, 0);
INSERT INTO sklad_tovars VALUES(1, 44, 0, 0);
INSERT INTO sklad_tovars VALUES(1, 45, 0, 0);



INSERT INTO sklad_ingredients VALUES(1, 103, 0, 0);
INSERT INTO sklad_ingredients VALUES(1, 104, 0, 0);
INSERT INTO sklad_ingredients VALUES(1, 105, 1.659, 47.59);
INSERT INTO sklad_ingredients VALUES(1, 106, 0, 0);
INSERT INTO sklad_ingredients VALUES(1, 107, 0, 0);
INSERT INTO sklad_ingredients VALUES(1, 108, 2.525, 7730.30);
INSERT INTO sklad_ingredients VALUES(1, 109, 0, 0);
INSERT INTO sklad_ingredients VALUES(1, 110, 0, 0);
INSERT INTO sklad_ingredients VALUES(1, 111, 0, 0);
INSERT INTO sklad_ingredients VALUES(1, 112, 0, 0);
INSERT INTO sklad_ingredients VALUES(1, 113, 21.400, 138.98);
INSERT INTO sklad_ingredients VALUES(1, 114, 0, 0);
INSERT INTO sklad_ingredients VALUES(1, 115, 0, 0);
INSERT INTO sklad_ingredients VALUES(1, 116, 0, 0);
INSERT INTO sklad_ingredients VALUES(1, 117, 0, 0);
INSERT INTO sklad_ingredients VALUES(1, 118, 0, 0);
INSERT INTO sklad_ingredients VALUES(1, 119, 0, 0);
INSERT INTO sklad_ingredients VALUES(1, 120, 0, 0);
INSERT INTO sklad_ingredients VALUES(1, 121, 0, 0);
INSERT INTO sklad_ingredients VALUES(1, 122, 0, 0);
INSERT INTO sklad_ingredients VALUES(1, 123, 0, 0);
INSERT INTO sklad_ingredients VALUES(1, 124, 0, 0);
INSERT INTO sklad_ingredients VALUES(1, 125, 0, 0);
INSERT INTO sklad_ingredients VALUES(1, 126, 0, 0);
INSERT INTO sklad_ingredients VALUES(1, 127, 0, 0);
INSERT INTO sklad_ingredients VALUES(1, 128, 0, 0);
INSERT INTO sklad_ingredients VALUES(1, 129, 0, 0);
INSERT INTO sklad_ingredients VALUES(1, 130, 0, 0);
INSERT INTO sklad_ingredients VALUES(1, 131, 0, 0);
INSERT INTO sklad_ingredients VALUES(1, 132, 0, 0);
INSERT INTO sklad_ingredients VALUES(1, 133, 0, 0);
INSERT INTO sklad_ingredients VALUES(1, 134, 0, 0);
INSERT INTO sklad_ingredients VALUES(1, 135, 0, 0);
INSERT INTO sklad_ingredients VALUES(1, 136, 0, 0);
INSERT INTO sklad_ingredients VALUES(1, 137, 0, 0);
INSERT INTO sklad_ingredients VALUES(1, 138, 0, 0);
INSERT INTO sklad_ingredients VALUES(1, 139, 0.460, 17000);
INSERT INTO sklad_ingredients VALUES(1, 140, 0, 0);
INSERT INTO sklad_ingredients VALUES(1, 141, 0, 0);
INSERT INTO sklad_ingredients VALUES(1, 142, 0, 0);
INSERT INTO sklad_ingredients VALUES(1, 143, 2.250, 1358.27);
INSERT INTO sklad_ingredients VALUES(1, 144, 0, 0);
INSERT INTO sklad_ingredients VALUES(1, 145, 0, 0);
INSERT INTO sklad_ingredients VALUES(1, 146, 0, 0);
INSERT INTO sklad_ingredients VALUES(1, 147, 0, 0);
INSERT INTO sklad_ingredients VALUES(1, 148, 0, 0);
INSERT INTO sklad_ingredients VALUES(1, 149, 0, 0);
INSERT INTO sklad_ingredients VALUES(1, 150, 0, 0);
INSERT INTO sklad_ingredients VALUES(1, 151, 0, 0);
INSERT INTO sklad_ingredients VALUES(1, 152, 0, 0);
INSERT INTO sklad_ingredients VALUES(1, 153, 0, 0);
INSERT INTO sklad_ingredients VALUES(1, 154, 4.020, 0);
INSERT INTO sklad_ingredients VALUES(1, 155, 0, 0);
INSERT INTO sklad_ingredients VALUES(1, 156, 7.008, 1750.00);
INSERT INTO sklad_ingredients VALUES(1, 157, 0, 0);
INSERT INTO sklad_ingredients VALUES(1, 158, 3.940, 0);
INSERT INTO sklad_ingredients VALUES(1, 159, 0, 0);
INSERT INTO sklad_ingredients VALUES(1, 160, 3.250, 1047.20);
INSERT INTO sklad_ingredients VALUES(1, 161, 0, 0);
INSERT INTO sklad_ingredients VALUES(1, 162, 0, 0);
INSERT INTO sklad_ingredients VALUES(1, 163, 0, 0);
INSERT INTO sklad_ingredients VALUES(1, 164, 0, 0);
INSERT INTO sklad_ingredients VALUES(1, 165, 0, 0);
INSERT INTO sklad_ingredients VALUES(1, 166, 498, 50);
INSERT INTO sklad_ingredients VALUES(1, 167, 0, 0);
INSERT INTO sklad_ingredients VALUES(1, 168, 0, 0);
INSERT INTO sklad_ingredients VALUES(1, 169, 652, 60);
INSERT INTO sklad_ingredients VALUES(1, 170, 8.270, 1668.92);
INSERT INTO sklad_ingredients VALUES(1, 171, 0, 0);
INSERT INTO sklad_ingredients VALUES(1, 172, 0, 0);
INSERT INTO sklad_ingredients VALUES(1, 173, 0, 0);
INSERT INTO sklad_ingredients VALUES(1, 174, 2676.114, 7.92);
INSERT INTO sklad_ingredients VALUES(1, 175, 0, 0);
INSERT INTO sklad_ingredients VALUES(1, 176, 14702, 0);
INSERT INTO sklad_ingredients VALUES(1, 177, 0, 0);
INSERT INTO sklad_ingredients VALUES(1, 178, 0, 0);
INSERT INTO sklad_ingredients VALUES(1, 179, 0, 0);
INSERT INTO sklad_ingredients VALUES(1, 180, 0, 0);
INSERT INTO sklad_ingredients VALUES(1, 181, 56.400, 464.96);
INSERT INTO sklad_ingredients VALUES(1, 182, 0, 0);

INSERT INTO workers VALUES(DEFAULT, 'eyJhbGciOiJIUzI1NiIsInR5cCI6IkpXVCJ9.eyJpYXQiOjE2NzA1ODk1MjcsInJvbGUiOiJtYW5hZ2VyIiwidXNlcl9pZCI6NH0.pnR21Ch0IUHRMp7DnvnS4CO4sS0YZsJj63ndEi2fhx4', 'Admin', '', 'admin', '0000', 'manager')
INSERT INTO workers VALUES(DEFAULT, 'eyJhbGciOiJIUzI1NiIsInR5cCI6IkpXVCJ9.eyJpYXQiOjE2NzA1OTAwMDIsInJvbGUiOiJ3b3JrZXIiLCJ1c2VyX2lkIjo1fQ.RLp6ZWOoFjBbxeMo--1UZp_iYTMfZWITKscA09l1omo', 'Worker', '', 'worker', '1111', 'worker')
COMMIT;


INSERT INTO public.sklad_ingredients (sklad_id, ingredient_id, quantity, cost) VALUES (1, 104, 0, 1709.85);
INSERT INTO public.sklad_ingredients (sklad_id, ingredient_id, quantity, cost) VALUES (1, 106, 0, 51.81);
INSERT INTO public.sklad_ingredients (sklad_id, ingredient_id, quantity, cost) VALUES (1, 110, 0, 1750.26);
INSERT INTO public.sklad_ingredients (sklad_id, ingredient_id, quantity, cost) VALUES (1, 114, 0, 0);
INSERT INTO public.sklad_ingredients (sklad_id, ingredient_id, quantity, cost) VALUES (1, 115, 0, 52);
INSERT INTO public.sklad_ingredients (sklad_id, ingredient_id, quantity, cost) VALUES (1, 116, 0, 184);
INSERT INTO public.sklad_ingredients (sklad_id, ingredient_id, quantity, cost) VALUES (1, 118, 0, 1747.1);
INSERT INTO public.sklad_ingredients (sklad_id, ingredient_id, quantity, cost) VALUES (1, 122, 0, 1755.15);
INSERT INTO public.sklad_ingredients (sklad_id, ingredient_id, quantity, cost) VALUES (1, 123, 0, 109);
INSERT INTO public.sklad_ingredients (sklad_id, ingredient_id, quantity, cost) VALUES (1, 125, 0, 52);
INSERT INTO public.sklad_ingredients (sklad_id, ingredient_id, quantity, cost) VALUES (1, 126, 0, 1219.5);
INSERT INTO public.sklad_ingredients (sklad_id, ingredient_id, quantity, cost) VALUES (1, 130, 0, 1700);
INSERT INTO public.sklad_ingredients (sklad_id, ingredient_id, quantity, cost) VALUES (1, 131, 0, 65);
INSERT INTO public.sklad_ingredients (sklad_id, ingredient_id, quantity, cost) VALUES (1, 133, 0, 52);
INSERT INTO public.sklad_ingredients (sklad_id, ingredient_id, quantity, cost) VALUES (1, 135, 0, 52);
INSERT INTO public.sklad_ingredients (sklad_id, ingredient_id, quantity, cost) VALUES (1, 136, 0, 52);
INSERT INTO public.sklad_ingredients (sklad_id, ingredient_id, quantity, cost) VALUES (1, 137, 0, 82);
INSERT INTO public.sklad_ingredients (sklad_id, ingredient_id, quantity, cost) VALUES (1, 140, 0, 1218.86);
INSERT INTO public.sklad_ingredients (sklad_id, ingredient_id, quantity, cost) VALUES (1, 142, 0, 51.8);
INSERT INTO public.sklad_ingredients (sklad_id, ingredient_id, quantity, cost) VALUES (1, 144, 0, 878.83);
INSERT INTO public.sklad_ingredients (sklad_id, ingredient_id, quantity, cost) VALUES (1, 145, 0, 448.72);
INSERT INTO public.sklad_ingredients (sklad_id, ingredient_id, quantity, cost) VALUES (1, 147, 0, 52);
INSERT INTO public.sklad_ingredients (sklad_id, ingredient_id, quantity, cost) VALUES (1, 148, 0, 1800);
INSERT INTO public.sklad_ingredients (sklad_id, ingredient_id, quantity, cost) VALUES (1, 149, 0, 65);
INSERT INTO public.sklad_ingredients (sklad_id, ingredient_id, quantity, cost) VALUES (1, 159, 0, 1700.69);
INSERT INTO public.sklad_ingredients (sklad_id, ingredient_id, quantity, cost) VALUES (1, 161, 0, 52);
INSERT INTO public.sklad_ingredients (sklad_id, ingredient_id, quantity, cost) VALUES (1, 162, 0, 1192.94);
INSERT INTO public.sklad_ingredients (sklad_id, ingredient_id, quantity, cost) VALUES (1, 164, 0, 1772.39);
INSERT INTO public.sklad_ingredients (sklad_id, ingredient_id, quantity, cost) VALUES (1, 171, 0, 1734.56);
INSERT INTO public.sklad_ingredients (sklad_id, ingredient_id, quantity, cost) VALUES (1, 173, 0, 52);
INSERT INTO public.sklad_ingredients (sklad_id, ingredient_id, quantity, cost) VALUES (1, 175, 0, 1192.31);
INSERT INTO public.sklad_ingredients (sklad_id, ingredient_id, quantity, cost) VALUES (1, 178, 0, 65);
INSERT INTO public.sklad_ingredients (sklad_id, ingredient_id, quantity, cost) VALUES (1, 180, 0, 1572.69);
INSERT INTO public.sklad_ingredients (sklad_id, ingredient_id, quantity, cost) VALUES (1, 182, 0, 1789);
INSERT INTO public.sklad_ingredients (sklad_id, ingredient_id, quantity, cost) VALUES (1, 202, 0, 90.91);



INSERT INTO public.sklad_tovars(
	sklad_id, tovar_id, quantity, cost)
	VALUES (1, 47, 0, 24);